-- phpMyAdmin SQL Dump
-- version 5.2.1
-- https://www.phpmyadmin.net/
--
-- Host: 127.0.0.1
-- Generation Time: Dec 15, 2024 at 09:50 AM
-- Server version: 10.4.32-MariaDB
-- PHP Version: 8.2.12

SET SQL_MODE = "NO_AUTO_VALUE_ON_ZERO";
START TRANSACTION;
SET time_zone = "+00:00";


/*!40101 SET @OLD_CHARACTER_SET_CLIENT=@@CHARACTER_SET_CLIENT */;
/*!40101 SET @OLD_CHARACTER_SET_RESULTS=@@CHARACTER_SET_RESULTS */;
/*!40101 SET @OLD_COLLATION_CONNECTION=@@COLLATION_CONNECTION */;
/*!40101 SET NAMES utf8mb4 */;

--
-- Database: `db_repair_jbcomp`
--

-- --------------------------------------------------------

--
-- Table structure for table `tbl_assessment`
--

CREATE TABLE `tbl_assessment` (
  `assessment_id` int(11) NOT NULL,
  `assessment_name` varchar(30) NOT NULL
) ENGINE=InnoDB DEFAULT CHARSET=utf8mb4 COLLATE=utf8mb4_general_ci;

--
-- Dumping data for table `tbl_assessment`
--

INSERT INTO `tbl_assessment` (`assessment_id`, `assessment_name`) VALUES
(1, 'ดีมาก'),
(2, 'ดี'),
(3, 'ปานกลาง'),
(4, 'พอใช้'),
(5, 'แย่');

-- --------------------------------------------------------

--
-- Table structure for table `tbl_building`
--

CREATE TABLE `tbl_building` (
  `building_id` int(11) NOT NULL,
  `building_name` varchar(50) NOT NULL
) ENGINE=InnoDB DEFAULT CHARSET=utf8mb4 COLLATE=utf8mb4_general_ci;

--
-- Dumping data for table `tbl_building`
--

INSERT INTO `tbl_building` (`building_id`, `building_name`) VALUES
(4, 'อาคาร 1'),
(5, 'อาคาร 2'),
(7, 'อาคาร 3'),
(8, 'อาคาร 4'),
(0, 'อาคาร 5'),
(0, 'อาคาร 6'),
(0, 'อาคาร 7'),
(0, 'อาคาร 8');

-- --------------------------------------------------------

--
-- Table structure for table `tbl_case`
--

CREATE TABLE `tbl_case` (
  `case_id` int(11) NOT NULL,
  `ref_equipment_id` int(11) NOT NULL,
  `case_detail` varchar(250) NOT NULL,
  `case_floor` varchar(20) NOT NULL,
  `case_room` varchar(50) NOT NULL,
  `case_img` varchar(100) NOT NULL,
  `ref_status_id` int(11) NOT NULL,
  `ref_m_id` int(11) NOT NULL,
  `ref_assessment_id` int(11) NOT NULL,
  `ref_building_id` int(11) NOT NULL,
  `dateSave` timestamp NOT NULL DEFAULT current_timestamp(),
  `ref_head_mechanic_id` int(11) NOT NULL,
  `ref_mec_id` int(11) NOT NULL,
  `case_update_log` varchar(250) NOT NULL,
  `case_update` timestamp NOT NULL DEFAULT current_timestamp()
) ENGINE=InnoDB DEFAULT CHARSET=utf8mb4 COLLATE=utf8mb4_general_ci;

--
-- Dumping data for table `tbl_case`
--

INSERT INTO `tbl_case` (`case_id`, `ref_equipment_id`, `case_detail`, `case_floor`, `case_room`, `case_img`, `ref_status_id`, `ref_m_id`, `ref_assessment_id`, `ref_building_id`, `dateSave`, `ref_head_mechanic_id`, `ref_mec_id`, `case_update_log`, `case_update`) VALUES
(10, 3, '<p>456786786</p>', '1', '114', '64520371320241215_081135.jpg', 1, 2, 0, 4, '2024-12-15 07:11:35', 0, 0, '', '2024-12-15 07:11:35'),
(11, 3, '<p>367642565</p>', '6', '367', '29707989420241215_081149.jpg', 2, 2, 0, 7, '2024-12-15 07:11:49', 13, 15, '', '2024-12-15 07:11:49');

-- --------------------------------------------------------

--
-- Table structure for table `tbl_counter`
--

CREATE TABLE `tbl_counter` (
  `c_id` int(10) NOT NULL,
  `c_date` timestamp NOT NULL DEFAULT current_timestamp()
) ENGINE=InnoDB DEFAULT CHARSET=utf8 COLLATE=utf8_general_ci;

--
-- Dumping data for table `tbl_counter`
--

INSERT INTO `tbl_counter` (`c_id`, `c_date`) VALUES
(12597, '2024-01-01 02:38:48'),
(12598, '2024-01-01 03:31:42'),
(12599, '2024-01-01 03:32:33'),
(12600, '2024-01-01 03:32:44'),
(12601, '2024-01-01 03:34:42'),
(12602, '2024-01-01 03:34:47'),
(12603, '2024-01-01 04:18:40'),
(12604, '2024-01-01 09:42:38'),
(12605, '2024-01-02 07:26:21'),
(12606, '2024-01-02 07:26:41'),
(12607, '2024-01-02 11:00:59'),
(12608, '2024-01-02 11:01:28'),
(12609, '2024-01-03 08:55:38'),
(12610, '2024-01-03 16:51:21'),
(12611, '2024-01-04 03:27:07'),
(12612, '2024-01-04 03:27:14'),
(12613, '2024-01-04 03:27:29'),
(12614, '2024-01-04 03:27:56'),
(12615, '2024-01-04 03:28:57'),
(12616, '2024-01-04 15:15:56'),
(12617, '2024-01-04 16:47:48'),
(12618, '2024-01-04 16:47:48'),
(12619, '2024-01-04 16:47:48'),
(12620, '2024-01-04 19:44:45'),
(12621, '2024-01-05 02:30:25'),
(12622, '2024-01-05 02:33:42'),
(12623, '2024-01-05 02:34:51'),
(12624, '2024-01-05 02:36:25'),
(12625, '2024-01-05 14:36:42'),
(12626, '2024-01-05 17:42:47'),
(12627, '2024-01-06 02:32:36'),
(12628, '2024-01-06 04:57:52'),
(12629, '2024-01-06 04:58:26'),
(12630, '2024-01-06 11:16:14'),
(12631, '2024-01-06 12:32:29'),
(12632, '2024-01-06 13:01:44'),
(12633, '2024-01-06 13:21:10'),
(12634, '2024-01-06 13:21:31'),
(12635, '2024-01-06 13:41:45'),
(12636, '2024-01-06 15:07:26'),
(12637, '2024-01-06 16:19:18'),
(12638, '2024-01-07 06:41:44'),
(12639, '2024-01-07 06:55:33'),
(12640, '2024-01-07 06:58:40'),
(12641, '2024-01-07 07:16:56'),
(12642, '2024-01-07 11:06:23'),
(12643, '2024-01-07 14:13:50'),
(12644, '2024-01-07 14:15:09'),
(12645, '2024-01-07 14:15:35'),
(12646, '2024-01-07 14:15:40'),
(12647, '2024-01-07 15:22:54'),
(12648, '2024-01-07 15:40:26'),
(12649, '2024-01-08 01:57:41'),
(12650, '2024-01-08 04:26:18'),
(12651, '2024-01-08 04:26:55'),
(12652, '2024-01-08 06:58:41'),
(12653, '2024-01-08 08:24:32'),
(12654, '2024-01-08 11:04:46'),
(12655, '2024-01-09 02:58:26'),
(12656, '2024-01-09 02:58:42'),
(12657, '2024-01-09 02:58:45'),
(12658, '2024-01-09 05:44:12'),
(12659, '2024-01-09 12:02:24'),
(12660, '2024-01-09 17:28:40'),
(12661, '2024-01-10 02:16:20'),
(12662, '2024-01-10 02:16:22'),
(12663, '2024-01-10 02:20:42'),
(12664, '2024-01-10 07:44:44'),
(12665, '2024-01-10 10:09:53'),
(12666, '2024-01-11 07:08:05'),
(12667, '2024-01-11 09:07:34'),
(12668, '2024-01-11 10:32:12'),
(12669, '2024-01-11 11:42:40'),
(12670, '2024-01-11 20:56:26'),
(12671, '2024-01-12 08:19:42'),
(12672, '2024-01-12 16:57:20'),
(12673, '2024-01-13 01:08:06'),
(12674, '2024-01-13 01:08:22'),
(12675, '2024-01-13 02:34:11'),
(12676, '2024-01-13 05:32:52'),
(12677, '2024-01-13 05:43:22'),
(12678, '2024-01-13 06:10:02'),
(12679, '2024-01-13 06:10:10'),
(12680, '2024-01-13 07:07:18'),
(12681, '2024-01-13 07:21:00'),
(12682, '2024-01-13 11:22:49'),
(12683, '2024-01-13 12:23:59'),
(12684, '2024-01-13 12:44:53'),
(12685, '2024-01-13 20:53:08'),
(12686, '2024-01-13 21:18:14'),
(12687, '2024-01-14 03:11:21'),
(12688, '2024-01-14 06:43:12'),
(12689, '2024-01-14 07:42:08'),
(12690, '2024-01-14 07:59:03'),
(12691, '2024-01-14 12:44:55'),
(12692, '2024-01-15 03:09:19'),
(12693, '2024-01-15 03:10:07'),
(12694, '2024-01-15 03:21:56'),
(12695, '2024-01-15 03:22:06'),
(12696, '2024-01-15 03:24:02'),
(12697, '2024-01-15 03:34:18'),
(12698, '2024-01-15 04:39:53'),
(12699, '2024-01-15 06:27:00'),
(12700, '2024-01-15 12:41:13'),
(12701, '2024-01-15 14:31:38'),
(12702, '2024-01-16 07:51:25'),
(12703, '2024-01-16 08:10:36'),
(12704, '2024-01-16 08:42:20'),
(12705, '2024-01-16 23:50:49'),
(12706, '2024-01-17 03:25:50'),
(12707, '2024-01-17 03:26:08'),
(12708, '2024-01-17 04:03:12'),
(12709, '2024-01-19 01:32:20'),
(12710, '2024-01-19 04:20:24'),
(12711, '2024-01-20 16:43:22'),
(12712, '2024-01-21 03:35:57'),
(12713, '2024-01-21 03:35:57'),
(12714, '2024-01-21 03:36:23'),
(12715, '2024-01-21 11:05:00'),
(12716, '2024-01-21 19:02:54'),
(12717, '2024-01-22 02:09:17'),
(12718, '2024-01-22 02:14:00'),
(12719, '2024-01-22 08:34:48'),
(12720, '2024-01-23 05:44:20'),
(12721, '2024-01-23 10:49:37'),
(12722, '2024-01-24 04:45:08'),
(12723, '2024-01-24 06:36:24'),
(12724, '2024-01-24 15:31:20'),
(12725, '2024-01-24 15:31:36'),
(12726, '2024-01-24 15:46:21'),
(12727, '2024-01-24 15:46:23'),
(12728, '2024-01-24 19:14:20'),
(12729, '2024-01-25 03:57:21'),
(12730, '2024-01-25 04:10:39'),
(12731, '2024-01-25 04:11:56'),
(12732, '2024-01-25 06:42:18'),
(12733, '2024-01-25 14:59:08'),
(12734, '2024-01-26 01:24:51'),
(12735, '2024-01-26 01:36:35'),
(12736, '2024-01-26 01:37:18'),
(12737, '2024-01-26 04:23:20'),
(12738, '2024-01-26 07:37:36'),
(12739, '2024-01-26 07:51:19'),
(12740, '2024-01-26 15:00:30'),
(12741, '2024-01-27 03:44:58'),
(12742, '2024-01-27 04:36:36'),
(12743, '2024-01-27 15:03:39'),
(12744, '2024-01-28 09:03:57'),
(12745, '2024-01-29 03:51:04'),
(12746, '2024-01-29 03:51:29'),
(12747, '2024-01-29 03:53:31'),
(12748, '2024-01-29 03:57:39'),
(12749, '2024-01-29 05:35:55'),
(12750, '2024-01-29 10:20:19'),
(12751, '2024-01-30 03:45:23'),
(12752, '2024-01-30 03:45:38'),
(12753, '2024-01-30 17:56:49'),
(12754, '2024-01-30 23:29:30'),
(12755, '2024-01-31 06:39:14'),
(12756, '2024-01-31 08:52:45'),
(12757, '2024-01-31 10:02:05'),
(12758, '2024-01-31 10:02:43'),
(12759, '2024-01-31 10:04:01'),
(12760, '2024-02-01 07:33:04'),
(12761, '2024-02-01 07:33:41'),
(12762, '2024-02-02 04:54:03'),
(12763, '2024-02-03 16:14:10'),
(12764, '2024-02-03 16:15:10'),
(12765, '2024-02-03 16:15:18'),
(12766, '2024-02-03 16:15:33'),
(12767, '2024-02-03 16:16:14'),
(12768, '2024-02-03 21:48:55'),
(12769, '2024-02-03 21:48:56'),
(12770, '2024-02-04 13:04:58'),
(12771, '2024-02-05 03:04:46'),
(12772, '2024-02-05 05:47:17'),
(12773, '2024-02-05 06:58:12'),
(12774, '2024-02-05 07:25:27'),
(12775, '2024-02-05 10:49:26'),
(12776, '2024-02-05 23:27:28'),
(12777, '2024-02-06 04:58:46'),
(12778, '2024-02-06 05:54:30'),
(12779, '2024-02-06 09:24:54'),
(12780, '2024-02-06 09:33:33'),
(12781, '2024-02-06 09:33:33'),
(12782, '2024-02-06 09:33:36'),
(12783, '2024-02-06 09:50:12'),
(12784, '2024-02-06 09:58:13'),
(12785, '2024-02-06 10:03:32'),
(12786, '2024-02-06 10:03:43'),
(12787, '2024-02-06 10:03:50'),
(12788, '2024-02-06 10:04:04'),
(12789, '2024-02-06 10:15:10'),
(12790, '2024-02-06 10:29:21'),
(12791, '2024-02-06 10:29:23'),
(12792, '2024-02-06 11:08:54'),
(12793, '2024-02-06 11:47:55'),
(12794, '2024-02-06 12:28:23'),
(12795, '2024-02-06 12:50:37'),
(12796, '2024-02-06 12:50:38'),
(12797, '2024-02-06 12:50:39'),
(12798, '2024-02-06 12:50:39'),
(12799, '2024-02-06 15:41:49'),
(12800, '2024-02-07 00:59:39'),
(12801, '2024-02-07 02:28:17'),
(12802, '2024-02-07 15:04:24'),
(12803, '2024-02-07 20:35:50'),
(12804, '2024-02-08 05:05:47'),
(12805, '2024-02-08 13:06:32'),
(12806, '2024-02-08 13:07:00'),
(12807, '2024-02-08 13:28:40'),
(12808, '2024-02-08 15:11:44'),
(12809, '2024-02-09 01:50:18'),
(12810, '2024-02-09 01:50:20'),
(12811, '2024-02-09 04:28:57'),
(12812, '2024-02-09 07:23:04'),
(12813, '2024-02-09 07:23:14'),
(12814, '2024-02-09 11:56:58'),
(12815, '2024-02-09 13:31:03'),
(12816, '2024-02-09 19:41:07'),
(12817, '2024-02-10 10:52:55'),
(12818, '2024-02-10 12:19:51'),
(12819, '2024-02-10 12:21:10'),
(12820, '2024-02-10 13:50:29'),
(12821, '2024-02-10 16:11:08'),
(12822, '2024-02-11 03:47:46'),
(12823, '2024-02-11 03:47:46'),
(12824, '2024-02-11 05:03:59'),
(12825, '2024-02-11 19:55:58'),
(12826, '2024-02-11 19:56:15'),
(12827, '2024-02-12 05:38:28'),
(12828, '2024-02-12 07:15:48'),
(12829, '2024-02-12 10:29:10'),
(12830, '2024-02-12 14:59:38'),
(12831, '2024-02-12 23:46:25'),
(12832, '2024-02-13 02:51:35'),
(12833, '2024-02-13 10:49:08'),
(12834, '2024-02-13 12:00:30'),
(12835, '2024-02-13 19:33:22'),
(12836, '2024-02-14 03:20:18'),
(12837, '2024-02-14 03:20:25'),
(12838, '2024-02-14 03:21:40'),
(12839, '2024-02-14 03:21:53'),
(12840, '2024-02-14 09:08:39'),
(12841, '2024-02-14 09:09:50'),
(12842, '2024-02-14 09:09:52'),
(12843, '2024-02-14 09:10:19'),
(12844, '2024-02-14 09:10:20'),
(12845, '2024-02-14 09:11:28'),
(12846, '2024-02-14 09:12:16'),
(12847, '2024-02-14 09:14:42'),
(12848, '2024-02-14 16:24:32'),
(12849, '2024-02-15 04:48:43'),
(12850, '2024-02-15 05:00:44'),
(12851, '2024-02-15 05:57:41'),
(12852, '2024-02-15 06:00:17'),
(12853, '2024-02-15 15:01:41'),
(12854, '2024-02-15 15:01:50'),
(12855, '2024-02-15 15:23:34'),
(12856, '2024-02-15 15:27:00'),
(12857, '2024-02-15 16:31:10'),
(12858, '2024-02-15 21:14:58'),
(12859, '2024-02-16 03:19:58'),
(12860, '2024-02-16 03:20:02'),
(12861, '2024-02-16 03:21:48'),
(12862, '2024-02-16 03:25:40'),
(12863, '2024-02-16 04:33:49'),
(12864, '2024-02-16 09:52:44'),
(12865, '2024-02-16 13:40:17'),
(12866, '2024-02-16 17:22:52'),
(12867, '2024-02-16 17:23:32'),
(12868, '2024-02-16 18:56:09'),
(12869, '2024-02-17 04:33:04'),
(12870, '2024-02-17 12:36:25'),
(12871, '2024-02-17 15:20:07'),
(12872, '2024-02-17 20:18:32'),
(12873, '2024-02-18 02:47:46'),
(12874, '2024-02-18 20:27:13'),
(12875, '2024-02-18 21:36:03'),
(12876, '2024-02-18 23:57:16'),
(12877, '2024-02-19 02:55:58'),
(12878, '2024-02-19 02:55:59'),
(12879, '2024-02-19 04:44:36'),
(12880, '2024-02-19 04:44:51'),
(12881, '2024-02-19 05:52:53'),
(12882, '2024-02-19 05:52:54'),
(12883, '2024-02-19 06:01:58'),
(12884, '2024-02-19 07:32:51'),
(12885, '2024-02-19 14:05:55'),
(12886, '2024-02-20 00:48:13'),
(12887, '2024-02-21 08:20:12'),
(12888, '2024-02-21 08:20:36'),
(12889, '2024-02-21 08:21:19'),
(12890, '2024-02-21 08:27:07'),
(12891, '2024-02-21 14:57:12'),
(12892, '2024-02-21 18:00:13'),
(12893, '2024-02-21 18:55:49'),
(12894, '2024-02-21 18:55:51'),
(12895, '2024-02-21 19:43:13'),
(12896, '2024-02-21 21:54:04'),
(12897, '2024-02-22 03:44:25'),
(12898, '2024-02-22 07:40:55'),
(12899, '2024-02-22 07:48:31'),
(12900, '2024-02-22 08:12:31'),
(12901, '2024-02-22 10:59:53'),
(12902, '2024-02-22 14:04:44'),
(12903, '2024-02-22 14:10:41'),
(12904, '2024-02-22 15:55:02'),
(12905, '2024-02-22 17:33:12'),
(12906, '2024-02-22 17:53:33'),
(12907, '2024-02-22 18:06:58'),
(12908, '2024-02-23 00:51:59'),
(12909, '2024-02-23 03:46:51'),
(12910, '2024-02-23 05:34:31'),
(12911, '2024-02-23 06:02:55'),
(12912, '2024-02-23 06:25:32'),
(12913, '2024-02-24 06:54:35'),
(12914, '2024-02-24 06:54:36'),
(12915, '2024-02-24 06:54:43'),
(12916, '2024-02-24 06:55:06'),
(12917, '2024-02-24 06:55:07'),
(12918, '2024-02-24 06:55:13'),
(12919, '2024-02-24 06:56:33'),
(12920, '2024-02-24 06:56:33'),
(12921, '2024-02-24 06:56:40'),
(12922, '2024-02-24 06:57:31'),
(12923, '2024-02-24 06:57:31'),
(12924, '2024-02-24 06:57:38'),
(12925, '2024-02-24 07:10:50'),
(12926, '2024-02-24 07:10:50'),
(12927, '2024-02-24 07:10:56'),
(12928, '2024-02-24 09:13:48'),
(12929, '2024-02-24 09:13:48'),
(12930, '2024-02-24 09:13:55'),
(12931, '2024-02-24 09:14:24'),
(12932, '2024-02-24 09:14:24'),
(12933, '2024-02-24 09:14:30'),
(12934, '2024-02-24 12:07:33'),
(12935, '2024-02-24 12:38:06'),
(12936, '2024-02-24 22:58:50'),
(12937, '2024-02-25 06:31:22'),
(12938, '2024-02-25 18:57:28'),
(12939, '2024-02-25 19:30:30'),
(12940, '2024-02-26 00:39:00'),
(12941, '2024-02-26 00:39:26'),
(12942, '2024-02-26 02:33:22'),
(12943, '2024-02-26 06:58:12'),
(12944, '2024-02-26 10:38:04'),
(12945, '2024-02-26 11:41:34'),
(12946, '2024-02-26 15:26:17'),
(12947, '2024-02-26 15:26:54'),
(12948, '2024-02-26 15:27:23'),
(12949, '2024-02-26 15:27:54'),
(12950, '2024-02-27 00:45:12'),
(12951, '2024-02-27 10:34:25'),
(12952, '2024-02-27 10:34:39'),
(12953, '2024-02-27 10:58:09'),
(12954, '2024-02-27 10:58:39'),
(12955, '2024-02-27 15:11:17'),
(12956, '2024-02-27 23:39:51'),
(12957, '2024-02-28 06:08:12'),
(12958, '2024-02-28 16:33:45'),
(12959, '2024-02-28 17:21:23'),
(12960, '2024-02-28 17:30:28'),
(12961, '2024-02-29 00:24:28'),
(12962, '2024-02-29 00:44:00'),
(12963, '2024-02-29 07:58:18'),
(12964, '2024-02-29 08:03:14'),
(12965, '2024-03-01 09:34:41'),
(12966, '2024-03-01 09:40:25'),
(12967, '2024-03-01 09:40:34'),
(12968, '2024-03-02 07:10:56'),
(12969, '2024-03-02 21:09:37'),
(12970, '2024-03-03 03:41:15'),
(12971, '2024-03-03 03:41:30'),
(12972, '2024-03-03 12:00:25'),
(12973, '2024-03-03 15:09:37'),
(12974, '2024-03-04 03:09:07'),
(12975, '2024-03-05 04:17:08'),
(12976, '2024-03-05 08:23:05'),
(12977, '2024-03-05 08:23:21'),
(12978, '2024-03-05 08:37:35'),
(12979, '2024-03-05 08:38:17'),
(12980, '2024-03-05 08:38:40'),
(12981, '2024-03-05 09:23:08'),
(12982, '2024-03-05 11:57:57'),
(12983, '2024-03-05 11:57:59'),
(12984, '2024-03-05 22:14:32'),
(12985, '2024-03-06 04:14:37'),
(12986, '2024-03-06 04:29:21'),
(12987, '2024-03-06 04:31:33'),
(12988, '2024-03-06 06:58:12'),
(12989, '2024-03-06 06:58:19'),
(12990, '2024-03-06 06:58:19'),
(12991, '2024-03-06 10:40:34'),
(12992, '2024-03-06 18:36:22'),
(12993, '2024-03-06 22:44:47'),
(12994, '2024-03-07 04:17:48'),
(12995, '2024-03-07 04:17:48'),
(12996, '2024-03-07 04:17:49'),
(12997, '2024-03-07 04:17:49'),
(12998, '2024-03-07 04:18:08'),
(12999, '2024-03-07 04:24:29'),
(13000, '2024-03-07 16:57:06'),
(13001, '2024-03-08 01:53:24'),
(13002, '2024-03-08 05:37:41'),
(13003, '2024-03-08 06:20:29'),
(13004, '2024-03-08 06:48:35'),
(13005, '2024-03-08 06:49:15'),
(13006, '2024-03-08 12:06:22'),
(13007, '2024-03-08 19:25:49'),
(13008, '2024-03-09 15:53:19'),
(13009, '2024-03-10 15:38:44'),
(13010, '2024-03-10 15:39:55'),
(13011, '2024-03-10 15:42:32'),
(13012, '2024-03-10 15:42:52'),
(13013, '2024-03-11 07:13:17'),
(13014, '2024-03-11 07:13:47'),
(13015, '2024-03-11 07:13:48'),
(13016, '2024-03-11 07:44:12'),
(13017, '2024-03-11 15:07:13'),
(13018, '2024-03-11 16:14:25'),
(13019, '2024-03-11 17:43:54'),
(13020, '2024-03-12 02:23:58'),
(13021, '2024-03-12 03:25:48'),
(13022, '2024-03-12 21:13:30'),
(13023, '2024-03-12 21:33:10'),
(13024, '2024-03-13 09:43:52'),
(13025, '2024-03-13 22:53:55'),
(13026, '2024-03-13 23:05:32'),
(13027, '2024-03-14 04:54:49'),
(13028, '2024-03-14 09:46:21'),
(13029, '2024-03-14 09:46:36'),
(13030, '2024-03-14 11:08:43'),
(13031, '2024-03-14 11:08:52'),
(13032, '2024-03-14 18:33:09'),
(13033, '2024-03-15 05:07:53'),
(13034, '2024-03-15 10:58:53'),
(13035, '2024-03-15 12:28:04'),
(13036, '2024-03-15 13:26:05'),
(13037, '2024-03-15 13:32:16'),
(13038, '2024-03-15 15:37:26'),
(13039, '2024-03-15 22:26:27'),
(13040, '2024-03-16 09:59:48'),
(13041, '2024-03-16 13:40:43'),
(13042, '2024-03-16 18:13:38'),
(13043, '2024-03-17 09:49:27'),
(13044, '2024-03-17 10:36:59'),
(13045, '2024-03-17 10:44:20'),
(13046, '2024-03-17 18:57:51'),
(13047, '2024-03-17 19:54:38'),
(13048, '2024-03-17 19:54:54'),
(13049, '2024-03-17 19:54:59'),
(13050, '2024-03-17 23:56:57'),
(13051, '2024-03-18 07:56:16'),
(13052, '2024-03-18 12:53:47'),
(13053, '2024-03-18 15:21:12'),
(13054, '2024-03-18 16:00:38'),
(13055, '2024-03-19 08:17:57'),
(13056, '2024-03-19 11:33:23'),
(13057, '2024-03-19 13:46:12'),
(13058, '2024-03-19 16:50:26'),
(13059, '2024-03-19 20:20:07'),
(13060, '2024-03-20 03:34:51'),
(13061, '2024-03-20 05:32:44'),
(13062, '2024-03-20 07:22:30'),
(13063, '2024-03-20 18:49:24'),
(13064, '2024-03-21 03:17:48'),
(13065, '2024-03-21 04:08:16'),
(13066, '2024-03-21 09:06:43'),
(13067, '2024-03-21 10:45:54'),
(13068, '2024-03-21 12:36:08'),
(13069, '2024-03-21 13:30:49'),
(13070, '2024-03-21 18:50:50'),
(13071, '2024-03-21 21:59:28'),
(13072, '2024-03-21 22:20:50'),
(13073, '2024-03-22 04:51:39'),
(13074, '2024-03-22 05:18:58'),
(13075, '2024-03-22 05:20:48'),
(13076, '2024-03-22 05:23:15'),
(13077, '2024-03-22 05:26:37'),
(13078, '2024-03-22 05:26:39'),
(13079, '2024-03-22 05:26:39'),
(13080, '2024-03-22 05:28:13'),
(13081, '2024-03-22 05:30:28'),
(13082, '2024-03-22 05:30:48'),
(13083, '2024-03-22 05:30:54'),
(13084, '2024-03-22 05:31:37'),
(13085, '2024-03-22 05:31:54'),
(13086, '2024-03-22 05:32:15'),
(13087, '2024-03-22 05:32:23'),
(13088, '2024-03-22 05:32:31'),
(13089, '2024-03-22 05:32:39'),
(13090, '2024-03-22 05:33:08'),
(13091, '2024-03-22 05:34:52'),
(13092, '2024-03-22 05:36:10'),
(13093, '2024-03-22 05:38:51'),
(13094, '2024-03-22 05:39:28'),
(13095, '2024-03-22 05:46:37'),
(13096, '2024-03-22 05:58:22'),
(13097, '2024-03-22 06:09:29'),
(13098, '2024-03-22 06:14:49'),
(13099, '2024-03-22 06:30:07'),
(13100, '2024-03-22 06:44:01'),
(13101, '2024-03-22 07:12:55'),
(13102, '2024-03-22 07:15:29'),
(13103, '2024-03-22 07:40:11'),
(13104, '2024-03-22 08:49:16'),
(13105, '2024-03-22 08:50:06'),
(13106, '2024-03-22 08:50:07'),
(13107, '2024-03-22 08:51:27'),
(13108, '2024-03-22 09:15:55'),
(13109, '2024-03-22 09:15:57'),
(13110, '2024-03-22 09:16:30'),
(13111, '2024-03-22 09:36:58'),
(13112, '2024-03-22 11:07:07'),
(13113, '2024-03-22 12:58:45'),
(13114, '2024-03-22 13:49:37'),
(13115, '2024-03-22 18:29:51'),
(13116, '2024-03-22 18:29:58'),
(13117, '2024-03-22 18:30:13'),
(13118, '2024-03-22 18:30:41'),
(13119, '2024-03-22 21:29:00'),
(13120, '2024-03-22 22:47:41'),
(13121, '2024-03-22 22:48:16'),
(13122, '2024-03-23 02:35:43'),
(13123, '2024-03-23 02:37:04'),
(13124, '2024-03-23 02:37:07'),
(13125, '2024-03-23 02:38:48'),
(13126, '2024-03-23 02:39:48'),
(13127, '2024-03-23 02:51:52'),
(13128, '2024-03-23 08:08:20'),
(13129, '2024-03-23 08:08:25'),
(13130, '2024-03-23 09:01:49'),
(13131, '2024-03-23 09:30:33'),
(13132, '2024-03-23 09:30:39'),
(13133, '2024-03-23 10:17:42'),
(13134, '2024-03-23 10:17:56'),
(13135, '2024-03-23 10:18:34'),
(13136, '2024-03-23 11:09:24'),
(13137, '2024-03-23 13:00:33'),
(13138, '2024-03-23 13:02:11'),
(13139, '2024-03-23 18:12:46'),
(13140, '2024-03-23 18:13:06'),
(13141, '2024-03-24 05:29:36'),
(13142, '2024-03-24 07:21:28'),
(13143, '2024-03-24 07:56:46'),
(13144, '2024-03-24 20:17:37'),
(13145, '2024-03-25 03:14:23'),
(13146, '2024-03-25 04:40:00'),
(13147, '2024-03-25 07:26:33'),
(13148, '2024-03-25 08:35:17'),
(13149, '2024-03-25 13:09:32'),
(13150, '2024-03-25 15:18:55'),
(13151, '2024-03-25 15:20:20'),
(13152, '2024-03-25 16:59:48'),
(13153, '2024-03-25 17:00:00'),
(13154, '2024-03-25 17:37:13'),
(13155, '2024-03-25 19:26:10'),
(13156, '2024-03-25 19:26:46'),
(13157, '2024-03-26 01:46:04'),
(13158, '2024-03-26 07:14:21'),
(13159, '2024-03-26 07:15:34'),
(13160, '2024-03-26 07:50:01'),
(13161, '2024-03-26 08:27:34'),
(13162, '2024-03-26 08:28:09'),
(13163, '2024-03-26 08:32:01'),
(13164, '2024-03-26 09:43:19'),
(13165, '2024-03-26 10:42:44'),
(13166, '2024-03-26 13:07:43'),
(13167, '2024-03-26 16:33:28'),
(13168, '2024-03-26 18:46:57'),
(13169, '2024-03-27 00:26:08'),
(13170, '2024-03-27 06:43:18'),
(13171, '2024-03-28 01:29:30'),
(13172, '2024-03-28 01:38:49'),
(13173, '2024-03-28 04:18:13'),
(13174, '2024-03-28 07:26:53'),
(13175, '2024-03-28 14:27:59'),
(13176, '2024-03-28 16:51:44'),
(13177, '2024-03-29 05:52:56'),
(13178, '2024-03-29 05:53:00'),
(13179, '2024-03-29 09:01:33'),
(13180, '2024-03-29 10:08:06'),
(13181, '2024-03-29 14:47:28'),
(13182, '2024-03-29 14:47:28'),
(13183, '2024-03-29 16:41:27'),
(13184, '2024-03-30 02:04:54'),
(13185, '2024-03-30 08:21:38'),
(13186, '2024-03-30 10:04:55'),
(13187, '2024-03-30 13:35:09'),
(13188, '2024-03-30 18:05:02'),
(13189, '2024-03-31 02:55:54'),
(13190, '2024-03-31 03:49:48'),
(13191, '2024-03-31 03:50:57'),
(13192, '2024-03-31 09:27:07'),
(13193, '2024-03-31 16:27:36'),
(13194, '2024-04-01 02:38:29'),
(13195, '2024-04-01 03:46:19'),
(13196, '2024-04-01 04:43:57'),
(13197, '2024-04-01 04:45:32'),
(13198, '2024-04-01 04:46:32'),
(13199, '2024-04-01 06:05:20'),
(13200, '2024-04-01 06:05:46'),
(13201, '2024-04-01 06:52:40'),
(13202, '2024-04-01 06:56:09'),
(13203, '2024-04-01 06:56:17'),
(13204, '2024-04-01 07:00:52'),
(13205, '2024-04-01 07:06:31'),
(13206, '2024-04-01 07:06:34'),
(13207, '2024-04-01 07:08:28'),
(13208, '2024-04-01 07:47:38'),
(13209, '2024-04-01 08:14:40'),
(13210, '2024-04-01 08:20:30'),
(13211, '2024-04-01 08:20:47'),
(13212, '2024-04-01 08:22:43'),
(13213, '2024-04-01 08:24:53'),
(13214, '2024-04-01 08:39:49'),
(13215, '2024-04-01 08:58:10'),
(13216, '2024-04-01 10:13:05'),
(13217, '2024-04-01 17:24:26'),
(13218, '2024-04-01 17:24:42'),
(13219, '2024-04-02 01:17:14'),
(13220, '2024-04-02 01:17:21'),
(13221, '2024-04-02 01:18:14'),
(13222, '2024-04-02 03:53:32'),
(13223, '2024-04-02 08:08:02'),
(13224, '2024-04-02 08:08:30'),
(13225, '2024-04-03 00:58:21'),
(13226, '2024-04-03 02:01:19'),
(13227, '2024-04-03 02:51:47'),
(13228, '2024-04-03 03:35:36'),
(13229, '2024-04-03 04:37:40'),
(13230, '2024-04-03 05:50:54'),
(13231, '2024-04-03 05:51:08'),
(13232, '2024-04-03 06:03:40'),
(13233, '2024-04-03 06:47:05'),
(13234, '2024-04-03 07:11:22'),
(13235, '2024-04-03 07:59:23'),
(13236, '2024-04-03 09:03:56'),
(13237, '2024-04-03 09:07:11'),
(13238, '2024-04-03 09:46:20'),
(13239, '2024-04-03 09:54:00'),
(13240, '2024-04-03 10:18:24'),
(13241, '2024-04-03 17:45:33'),
(13242, '2024-04-04 00:55:31'),
(13243, '2024-04-04 01:02:00'),
(13244, '2024-04-04 01:18:06'),
(13245, '2024-04-04 02:48:46'),
(13246, '2024-04-04 02:55:05'),
(13247, '2024-04-04 03:04:22'),
(13248, '2024-04-04 03:04:29'),
(13249, '2024-04-04 03:18:26'),
(13250, '2024-04-04 03:18:28'),
(13251, '2024-04-04 03:18:28'),
(13252, '2024-04-04 03:18:29'),
(13253, '2024-04-04 03:18:30'),
(13254, '2024-04-04 03:18:31'),
(13255, '2024-04-04 04:02:22'),
(13256, '2024-04-04 05:42:29'),
(13257, '2024-04-04 06:01:31'),
(13258, '2024-04-04 11:33:25'),
(13259, '2024-04-04 23:46:26'),
(13260, '2024-04-05 03:36:06'),
(13261, '2024-04-05 04:38:35'),
(13262, '2024-04-05 07:20:39'),
(13263, '2024-04-05 08:57:49'),
(13264, '2024-04-05 13:33:43'),
(13265, '2024-04-05 13:49:35'),
(13266, '2024-04-05 14:03:10'),
(13267, '2024-04-05 22:54:56'),
(13268, '2024-04-06 02:45:05'),
(13269, '2024-04-06 02:50:47'),
(13270, '2024-04-06 06:40:08'),
(13271, '2024-04-06 08:41:31'),
(13272, '2024-04-06 12:37:52'),
(13273, '2024-04-06 13:54:00'),
(13274, '2024-04-06 14:45:21'),
(13275, '2024-04-06 20:29:48'),
(13276, '2024-04-07 02:09:21'),
(13277, '2024-04-07 09:13:47'),
(13278, '2024-04-07 09:47:34'),
(13279, '2024-04-07 09:47:50'),
(13280, '2024-04-07 16:42:59'),
(13281, '2024-04-08 00:37:55'),
(13282, '2024-04-08 06:50:51'),
(13283, '2024-04-08 06:51:55'),
(13284, '2024-04-08 06:52:15'),
(13285, '2024-04-08 10:23:06'),
(13286, '2024-04-08 14:37:10'),
(13287, '2024-04-08 15:25:37'),
(13288, '2024-04-08 17:09:06'),
(13289, '2024-04-08 17:59:41'),
(13290, '2024-04-08 20:36:23'),
(13291, '2024-04-08 20:45:29'),
(13292, '2024-04-08 23:15:25'),
(13293, '2024-04-09 00:48:44'),
(13294, '2024-04-09 05:49:19'),
(13295, '2024-04-09 08:25:55'),
(13296, '2024-04-09 10:46:46'),
(13297, '2024-04-09 11:20:15'),
(13298, '2024-04-09 11:20:17'),
(13299, '2024-04-09 11:20:41'),
(13300, '2024-04-09 13:50:36'),
(13301, '2024-04-09 20:01:14'),
(13302, '2024-04-09 23:38:14'),
(13303, '2024-04-09 23:40:41'),
(13304, '2024-04-10 03:27:00'),
(13305, '2024-04-10 07:28:43'),
(13306, '2024-04-10 12:41:52'),
(13307, '2024-04-10 20:18:58'),
(13308, '2024-04-11 01:41:27'),
(13309, '2024-04-11 02:56:06'),
(13310, '2024-04-11 04:34:41'),
(13311, '2024-04-11 04:34:59'),
(13312, '2024-04-11 04:39:15'),
(13313, '2024-04-11 04:39:24'),
(13314, '2024-04-11 05:06:57'),
(13315, '2024-04-11 05:07:48'),
(13316, '2024-04-11 10:17:44'),
(13317, '2024-04-11 10:59:44'),
(13318, '2024-04-11 14:49:45'),
(13319, '2024-04-12 01:58:30'),
(13320, '2024-04-12 01:58:33'),
(13321, '2024-04-12 02:28:22'),
(13322, '2024-04-12 03:48:51'),
(13323, '2024-04-12 07:30:30'),
(13324, '2024-04-12 07:30:47'),
(13325, '2024-04-12 09:55:38'),
(13326, '2024-04-12 14:05:07'),
(13327, '2024-04-12 14:33:12'),
(13328, '2024-04-13 00:35:35'),
(13329, '2024-04-13 02:56:48'),
(13330, '2024-04-13 11:43:29'),
(13331, '2024-04-13 11:51:19'),
(13332, '2024-04-13 11:52:16'),
(13333, '2024-04-13 12:01:42'),
(13334, '2024-04-13 12:33:34'),
(13335, '2024-04-13 13:48:58'),
(13336, '2024-04-13 15:20:50'),
(13337, '2024-04-13 20:59:49'),
(13338, '2024-04-13 23:59:14'),
(13339, '2024-04-14 03:14:49'),
(13340, '2024-04-14 04:31:25'),
(13341, '2024-04-14 06:24:51'),
(13342, '2024-04-14 11:46:50'),
(13343, '2024-04-14 11:47:39'),
(13344, '2024-04-14 15:42:04'),
(13345, '2024-04-14 18:10:30'),
(13346, '2024-04-14 23:11:57'),
(13347, '2024-04-15 02:31:36'),
(13348, '2024-04-15 02:34:28'),
(13349, '2024-04-15 02:34:51'),
(13350, '2024-04-15 02:35:22'),
(13351, '2024-04-15 02:41:04'),
(13352, '2024-04-15 02:53:03'),
(13353, '2024-04-15 02:53:09'),
(13354, '2024-04-15 02:53:16'),
(13355, '2024-04-15 05:20:35'),
(13356, '2024-04-15 09:25:53'),
(13357, '2024-04-15 12:36:39'),
(13358, '2024-04-15 23:33:35'),
(13359, '2024-04-16 01:06:02'),
(13360, '2024-04-16 08:48:31'),
(13361, '2024-04-16 10:12:41'),
(13362, '2024-04-16 14:52:10'),
(13363, '2024-04-17 09:20:06'),
(13364, '2024-04-17 12:13:33'),
(13365, '2024-04-17 12:28:49'),
(13366, '2024-04-17 13:18:52'),
(13367, '2024-04-17 15:57:56'),
(13368, '2024-04-17 19:17:09'),
(13369, '2024-04-18 01:29:11'),
(13370, '2024-04-18 03:07:45'),
(13371, '2024-04-18 08:37:13'),
(13372, '2024-04-18 08:45:58'),
(13373, '2024-04-18 09:03:59'),
(13374, '2024-04-18 09:04:37'),
(13375, '2024-04-18 21:24:09'),
(13376, '2024-04-19 07:01:42'),
(13377, '2024-04-19 12:04:13'),
(13378, '2024-04-19 13:45:42'),
(13379, '2024-04-19 13:51:34'),
(13380, '2024-04-19 20:48:05'),
(13381, '2024-04-20 01:25:52'),
(13382, '2024-04-20 01:49:02'),
(13383, '2024-04-20 02:13:49'),
(13384, '2024-04-20 03:49:04'),
(13385, '2024-04-20 03:49:04'),
(13386, '2024-04-20 04:50:38'),
(13387, '2024-04-20 14:14:15'),
(13388, '2024-04-20 19:38:33'),
(13389, '2024-04-21 04:35:47'),
(13390, '2024-04-21 08:38:59'),
(13391, '2024-04-21 15:31:12'),
(13392, '2024-04-21 20:49:25'),
(13393, '2024-04-22 00:36:27'),
(13394, '2024-04-22 06:41:11'),
(13395, '2024-04-22 06:59:21'),
(13396, '2024-04-22 11:12:43'),
(13397, '2024-04-22 15:05:04'),
(13398, '2024-04-23 07:07:53'),
(13399, '2024-04-23 07:11:44'),
(13400, '2024-04-23 07:12:25'),
(13401, '2024-04-23 09:26:30'),
(13402, '2024-04-23 14:16:56'),
(13403, '2024-04-23 21:05:29'),
(13404, '2024-04-24 04:46:30'),
(13405, '2024-04-24 09:10:47'),
(13406, '2024-04-24 13:09:05'),
(13407, '2024-04-24 13:15:21'),
(13408, '2024-04-24 15:13:55'),
(13409, '2024-04-25 03:12:32'),
(13410, '2024-04-25 05:32:35'),
(13411, '2024-04-25 10:04:03'),
(13412, '2024-04-26 08:10:12'),
(13413, '2024-04-26 08:10:35'),
(13414, '2024-04-26 08:10:35'),
(13415, '2024-04-26 09:49:46'),
(13416, '2024-04-26 14:51:20'),
(13417, '2024-04-26 14:51:22'),
(13418, '2024-04-26 14:51:26'),
(13419, '2024-04-26 16:00:08'),
(13420, '2024-04-26 17:32:54'),
(13421, '2024-04-27 08:02:44'),
(13422, '2024-04-27 12:02:27'),
(13423, '2024-04-27 12:43:21'),
(13424, '2024-04-27 12:43:23'),
(13425, '2024-04-27 12:43:24'),
(13426, '2024-04-27 12:43:26'),
(13427, '2024-04-27 16:05:02'),
(13428, '2024-04-27 16:43:02'),
(13429, '2024-04-27 16:43:09'),
(13430, '2024-04-27 16:43:26'),
(13431, '2024-04-27 17:09:12'),
(13432, '2024-04-27 17:52:10'),
(13433, '2024-04-27 18:00:45'),
(13434, '2024-04-27 18:04:20'),
(13435, '2024-04-27 18:20:49'),
(13436, '2024-04-27 18:54:02'),
(13437, '2024-04-28 05:23:36'),
(13438, '2024-04-28 09:31:59'),
(13439, '2024-04-28 13:22:18'),
(13440, '2024-04-28 21:04:36'),
(13441, '2024-04-29 03:40:41'),
(13442, '2024-04-29 03:41:10'),
(13443, '2024-04-29 08:42:08'),
(13444, '2024-04-29 08:54:58'),
(13445, '2024-04-29 08:54:58'),
(13446, '2024-04-29 08:54:58'),
(13447, '2024-04-29 08:54:59'),
(13448, '2024-04-29 08:54:59'),
(13449, '2024-04-29 10:44:59'),
(13450, '2024-04-29 12:09:36'),
(13451, '2024-04-29 14:57:30'),
(13452, '2024-04-29 16:47:47'),
(13453, '2024-04-30 00:33:15'),
(13454, '2024-04-30 06:47:44'),
(13455, '2024-04-30 08:20:03'),
(13456, '2024-04-30 12:59:18'),
(13457, '2024-04-30 13:16:45'),
(13458, '2024-05-01 00:47:52'),
(13459, '2024-05-01 03:56:54'),
(13460, '2024-05-01 10:20:10'),
(13461, '2024-05-01 10:48:21'),
(13462, '2024-05-01 10:48:56'),
(13463, '2024-05-01 10:49:15'),
(13464, '2024-05-01 15:06:36'),
(13465, '2024-05-01 19:15:46'),
(13466, '2024-05-02 02:45:15'),
(13467, '2024-05-02 07:13:55'),
(13468, '2024-05-02 07:29:12'),
(13469, '2024-05-02 12:17:41'),
(13470, '2024-05-03 00:25:12'),
(13471, '2024-05-03 00:31:07'),
(13472, '2024-05-03 02:02:59'),
(13473, '2024-05-03 05:37:21'),
(13474, '2024-05-03 07:08:26'),
(13475, '2024-05-03 07:08:39'),
(13476, '2024-05-03 11:08:12'),
(13477, '2024-05-03 13:20:01'),
(13478, '2024-05-03 13:23:10'),
(13479, '2024-05-03 13:32:10'),
(13480, '2024-05-03 13:32:39'),
(13481, '2024-05-04 00:05:25'),
(13482, '2024-05-04 03:06:11'),
(13483, '2024-05-04 04:52:15'),
(13484, '2024-05-04 15:05:32'),
(13485, '2024-05-04 16:18:27'),
(13486, '2024-05-05 02:02:32'),
(13487, '2024-05-05 02:05:42'),
(13488, '2024-05-05 06:25:44'),
(13489, '2024-05-05 06:26:29'),
(13490, '2024-05-05 16:11:34'),
(13491, '2024-05-06 06:26:45'),
(13492, '2024-05-06 07:24:53'),
(13493, '2024-05-06 07:25:58'),
(13494, '2024-05-06 07:26:32'),
(13495, '2024-05-06 07:29:38'),
(13496, '2024-05-06 07:37:08'),
(13497, '2024-05-06 07:37:29'),
(13498, '2024-05-06 07:37:29'),
(13499, '2024-05-06 07:38:15'),
(13500, '2024-05-06 07:38:39'),
(13501, '2024-05-06 12:20:42'),
(13502, '2024-05-06 15:34:40'),
(13503, '2024-05-06 15:34:42'),
(13504, '2024-05-07 01:03:23'),
(13505, '2024-05-07 11:18:57'),
(13506, '2024-05-07 14:10:58'),
(13507, '2024-05-07 21:40:59'),
(13508, '2024-05-08 00:55:01'),
(13509, '2024-05-08 08:37:45'),
(13510, '2024-05-08 09:39:20'),
(13511, '2024-05-08 10:29:27'),
(13512, '2024-05-09 08:44:07'),
(13513, '2024-05-09 09:59:34'),
(13514, '2024-05-09 21:25:31'),
(13515, '2024-05-10 06:12:40'),
(13516, '2024-05-10 06:13:03'),
(13517, '2024-05-10 06:13:30'),
(13518, '2024-05-10 06:13:33'),
(13519, '2024-05-10 06:15:43'),
(13520, '2024-05-10 06:23:31'),
(13521, '2024-05-10 06:51:48'),
(13522, '2024-05-10 09:00:21'),
(13523, '2024-05-10 12:33:32'),
(13524, '2024-05-10 14:46:07'),
(13525, '2024-05-10 15:11:44'),
(13526, '2024-05-10 16:30:29'),
(13527, '2024-05-10 16:51:27'),
(13528, '2024-05-10 18:30:11'),
(13529, '2024-05-10 20:30:43'),
(13530, '2024-05-11 00:59:50'),
(13531, '2024-05-11 01:00:04'),
(13532, '2024-05-11 01:04:31'),
(13533, '2024-05-11 01:04:33'),
(13534, '2024-05-11 06:46:54'),
(13535, '2024-05-11 20:05:16'),
(13536, '2024-05-11 20:06:05'),
(13537, '2024-05-11 20:11:10'),
(13538, '2024-05-12 03:18:18'),
(13539, '2024-05-12 03:21:49'),
(13540, '2024-05-12 03:21:55'),
(13541, '2024-05-12 03:26:12'),
(13542, '2024-05-12 05:56:39'),
(13543, '2024-05-12 11:20:55'),
(13544, '2024-05-13 07:18:55'),
(13545, '2024-05-13 08:52:50'),
(13546, '2024-05-13 14:05:13'),
(13547, '2024-05-13 14:21:28'),
(13548, '2024-05-14 00:45:32'),
(13549, '2024-05-14 01:04:41'),
(13550, '2024-05-14 01:05:02'),
(13551, '2024-05-14 01:05:16'),
(13552, '2024-05-14 09:07:36'),
(13553, '2024-05-14 14:16:38'),
(13554, '2024-05-14 14:26:35'),
(13555, '2024-05-14 16:25:59'),
(13556, '2024-05-14 16:26:01'),
(13557, '2024-05-14 18:34:32'),
(13558, '2024-05-15 01:49:49'),
(13559, '2024-05-15 08:09:10'),
(13560, '2024-05-15 10:44:50'),
(13561, '2024-05-15 15:40:29'),
(13562, '2024-05-15 15:48:50'),
(13563, '2024-05-16 01:11:54'),
(13564, '2024-05-16 03:42:27'),
(13565, '2024-05-16 03:44:03'),
(13566, '2024-05-16 03:44:48'),
(13567, '2024-05-16 03:45:10'),
(13568, '2024-05-16 03:45:25'),
(13569, '2024-05-16 05:34:33'),
(13570, '2024-05-16 07:57:44'),
(13571, '2024-05-16 15:18:33'),
(13572, '2024-05-16 15:18:35'),
(13573, '2024-05-16 15:18:36'),
(13574, '2024-05-16 18:18:29'),
(13575, '2024-05-17 01:47:39'),
(13576, '2024-05-17 05:14:39'),
(13577, '2024-05-17 05:42:26'),
(13578, '2024-05-17 14:42:55'),
(13579, '2024-05-18 08:32:52'),
(13580, '2024-05-19 06:54:36'),
(13581, '2024-05-19 07:44:09'),
(13582, '2024-05-19 08:43:44'),
(13583, '2024-05-19 08:43:53'),
(13584, '2024-05-19 16:52:53'),
(13585, '2024-05-20 02:52:11'),
(13586, '2024-05-20 04:04:32'),
(13587, '2024-05-20 06:42:40'),
(13588, '2024-05-20 10:51:14'),
(13589, '2024-05-20 12:46:04'),
(13590, '2024-05-20 13:26:44'),
(13591, '2024-05-20 20:42:19'),
(13592, '2024-05-21 06:52:29'),
(13593, '2024-05-21 07:43:19'),
(13594, '2024-05-21 13:07:00'),
(13595, '2024-05-22 09:08:02'),
(13596, '2024-05-22 19:10:49'),
(13597, '2024-05-23 07:18:09'),
(13598, '2024-05-23 10:21:37'),
(13599, '2024-05-23 10:38:49'),
(13600, '2024-05-23 10:49:32'),
(13601, '2024-05-23 14:28:48'),
(13602, '2024-05-23 15:47:50'),
(13603, '2024-05-24 01:48:15'),
(13604, '2024-05-24 03:26:03'),
(13605, '2024-05-24 09:06:00'),
(13606, '2024-05-24 09:06:02'),
(13607, '2024-05-24 11:16:37'),
(13608, '2024-05-24 11:19:35'),
(13609, '2024-05-24 14:57:11'),
(13610, '2024-05-24 20:33:44'),
(13611, '2024-05-25 05:37:16'),
(13612, '2024-05-25 08:46:22'),
(13613, '2024-05-25 12:40:03'),
(13614, '2024-05-25 14:33:11'),
(13615, '2024-05-26 02:48:06'),
(13616, '2024-05-26 07:54:33'),
(13617, '2024-05-26 14:31:34'),
(13618, '2024-05-26 18:59:00'),
(13619, '2024-05-27 03:19:17'),
(13620, '2024-05-27 07:50:11'),
(13621, '2024-05-27 09:27:45'),
(13622, '2024-05-27 14:50:02'),
(13623, '2024-05-27 16:18:14'),
(13624, '2024-05-27 18:57:55'),
(13625, '2024-05-27 22:30:07'),
(13626, '2024-05-28 00:54:09'),
(13627, '2024-05-28 04:42:57'),
(13628, '2024-05-28 05:17:00'),
(13629, '2024-05-28 05:21:45'),
(13630, '2024-05-28 12:30:29'),
(13631, '2024-05-29 08:01:59'),
(13632, '2024-05-29 15:23:15'),
(13633, '2024-05-30 08:08:13'),
(13634, '2024-05-30 08:30:45'),
(13635, '2024-05-30 09:13:30'),
(13636, '2024-05-30 14:05:37'),
(13637, '2024-05-31 01:52:07'),
(13638, '2024-05-31 10:44:33'),
(13639, '2024-05-31 18:11:55'),
(13640, '2024-05-31 18:12:11'),
(13641, '2024-05-31 18:13:41'),
(13642, '2024-05-31 20:07:52'),
(13643, '2024-06-01 00:27:12'),
(13644, '2024-06-01 02:30:29'),
(13645, '2024-06-01 02:34:07'),
(13646, '2024-06-01 11:37:37'),
(13647, '2024-06-01 12:55:22'),
(13648, '2024-06-01 14:47:24'),
(13649, '2024-06-01 18:27:03'),
(13650, '2024-06-01 19:06:20'),
(13651, '2024-06-02 12:08:04'),
(13652, '2024-06-03 12:06:52'),
(13653, '2024-06-03 12:08:30'),
(13654, '2024-06-03 12:09:28'),
(13655, '2024-06-03 12:13:00'),
(13656, '2024-06-03 12:15:15'),
(13657, '2024-06-03 12:15:48'),
(13658, '2024-06-03 12:16:00'),
(13659, '2024-06-03 12:18:41'),
(13660, '2024-06-03 13:07:29'),
(13661, '2024-06-03 16:06:32'),
(13662, '2024-06-04 00:15:07'),
(13663, '2024-06-04 00:20:55'),
(13664, '2024-06-04 00:54:18'),
(13665, '2024-06-04 00:56:45'),
(13666, '2024-06-04 00:57:36'),
(13667, '2024-06-04 02:41:54'),
(13668, '2024-06-04 04:52:36'),
(13669, '2024-06-04 05:29:04'),
(13670, '2024-06-04 07:06:16'),
(13671, '2024-06-04 07:07:51'),
(13672, '2024-06-04 07:07:58'),
(13673, '2024-06-04 07:08:14'),
(13674, '2024-06-04 08:59:54'),
(13675, '2024-06-04 09:03:34'),
(13676, '2024-06-04 09:04:01'),
(13677, '2024-06-04 09:08:00'),
(13678, '2024-06-04 09:09:51'),
(13679, '2024-06-04 09:30:54'),
(13680, '2024-06-04 17:02:30'),
(13681, '2024-06-05 03:53:43'),
(13682, '2024-06-05 10:00:54'),
(13683, '2024-06-05 16:15:54'),
(13684, '2024-06-05 18:14:34'),
(13685, '2024-06-05 18:16:04'),
(13686, '2024-06-06 06:37:28'),
(13687, '2024-06-06 06:37:51'),
(13688, '2024-06-06 06:40:34'),
(13689, '2024-06-06 07:06:28'),
(13690, '2024-06-06 16:08:27'),
(13691, '2024-06-06 16:31:36'),
(13692, '2024-06-07 05:08:39'),
(13693, '2024-06-07 06:03:30'),
(13694, '2024-06-07 06:20:56'),
(13695, '2024-06-07 08:22:26'),
(13696, '2024-06-07 17:38:49'),
(13697, '2024-06-08 06:33:46'),
(13698, '2024-06-08 06:33:56'),
(13699, '2024-06-08 06:35:16'),
(13700, '2024-06-09 03:12:06'),
(13701, '2024-06-09 15:47:51'),
(13702, '2024-06-10 06:22:19'),
(13703, '2024-06-10 06:22:46'),
(13704, '2024-06-10 09:30:38'),
(13705, '2024-06-10 10:05:03'),
(13706, '2024-06-10 15:17:34'),
(13707, '2024-06-10 23:51:45'),
(13708, '2024-06-12 00:26:22'),
(13709, '2024-06-12 02:18:01'),
(13710, '2024-06-12 02:18:23'),
(13711, '2024-06-12 02:18:28'),
(13712, '2024-06-12 02:18:46'),
(13713, '2024-06-12 02:19:05'),
(13714, '2024-06-12 02:20:29'),
(13715, '2024-06-12 04:02:37'),
(13716, '2024-06-12 04:44:00'),
(13717, '2024-06-12 04:47:41'),
(13718, '2024-06-12 06:58:08'),
(13719, '2024-06-12 07:20:50'),
(13720, '2024-06-12 11:29:03'),
(13721, '2024-06-12 11:36:41'),
(13722, '2024-06-12 13:38:10'),
(13723, '2024-06-13 06:58:03'),
(13724, '2024-06-13 06:59:02'),
(13725, '2024-06-13 06:59:20'),
(13726, '2024-06-13 07:00:04'),
(13727, '2024-06-13 07:03:04'),
(13728, '2024-06-13 08:46:48'),
(13729, '2024-06-13 21:08:10'),
(13730, '2024-06-14 03:45:13'),
(13731, '2024-06-14 06:37:31'),
(13732, '2024-06-14 07:09:44'),
(13733, '2024-06-14 08:33:42'),
(13734, '2024-06-14 13:34:10'),
(13735, '2024-06-14 16:05:21'),
(13736, '2024-06-14 16:38:26'),
(13737, '2024-06-15 00:56:38'),
(13738, '2024-06-15 02:40:13'),
(13739, '2024-06-15 16:08:45'),
(13740, '2024-06-15 23:08:39'),
(13741, '2024-06-16 12:43:17'),
(13742, '2024-06-17 03:41:54'),
(13743, '2024-06-17 05:26:15'),
(13744, '2024-06-17 08:54:28'),
(13745, '2024-06-17 13:00:01'),
(13746, '2024-06-17 13:00:01'),
(13747, '2024-06-17 14:05:56'),
(13748, '2024-06-17 16:31:48'),
(13749, '2024-06-18 00:54:46'),
(13750, '2024-06-18 14:50:21'),
(13751, '2024-06-18 18:02:26'),
(13752, '2024-06-18 18:25:34'),
(13753, '2024-06-19 02:48:27'),
(13754, '2024-06-19 06:36:22'),
(13755, '2024-06-19 14:15:05'),
(13756, '2024-06-19 16:47:53'),
(13757, '2024-06-19 21:01:58'),
(13758, '2024-06-20 03:02:28'),
(13759, '2024-06-20 08:46:32'),
(13760, '2024-06-20 09:14:41'),
(13761, '2024-06-20 09:14:48'),
(13762, '2024-06-20 15:59:23'),
(13763, '2024-06-21 07:36:47'),
(13764, '2024-06-21 11:15:07'),
(13765, '2024-06-21 15:12:49'),
(13766, '2024-06-21 22:25:48'),
(13767, '2024-06-22 03:07:20'),
(13768, '2024-06-22 03:07:20'),
(13769, '2024-06-22 07:08:48'),
(13770, '2024-06-22 16:44:36'),
(13771, '2024-06-23 09:07:16'),
(13772, '2024-06-23 09:13:31'),
(13773, '2024-06-23 09:13:46'),
(13774, '2024-06-23 09:13:53'),
(13775, '2024-06-23 14:10:42'),
(13776, '2024-06-23 22:19:42'),
(13777, '2024-06-24 01:52:40'),
(13778, '2024-06-24 09:51:15'),
(13779, '2024-06-25 10:09:53'),
(13780, '2024-06-25 18:22:35'),
(13781, '2024-06-25 18:50:47'),
(13782, '2024-06-26 14:55:54'),
(13783, '2024-06-26 17:06:27'),
(13784, '2024-06-26 21:07:48'),
(13785, '2024-06-26 22:38:58'),
(13786, '2024-06-27 02:59:38'),
(13787, '2024-06-27 03:42:37'),
(13788, '2024-06-27 08:39:03'),
(13789, '2024-06-27 10:06:34'),
(13790, '2024-06-27 10:06:54'),
(13791, '2024-06-27 11:21:37'),
(13792, '2024-06-27 13:35:00'),
(13793, '2024-06-27 13:35:17'),
(13794, '2024-06-27 13:35:42'),
(13795, '2024-06-27 13:35:43'),
(13796, '2024-06-27 15:58:32'),
(13797, '2024-06-27 17:12:53'),
(13798, '2024-06-27 17:53:54'),
(13799, '2024-06-27 18:36:59'),
(13800, '2024-06-27 18:37:58'),
(13801, '2024-06-28 01:14:08'),
(13802, '2024-06-28 03:08:20'),
(13803, '2024-06-28 03:13:52'),
(13804, '2024-06-28 10:59:00'),
(13805, '2024-06-28 12:20:51'),
(13806, '2024-06-28 19:31:50'),
(13807, '2024-06-29 00:17:38'),
(13808, '2024-06-29 00:17:39'),
(13809, '2024-06-29 01:02:58'),
(13810, '2024-06-29 02:41:24'),
(13811, '2024-06-29 05:48:46'),
(13812, '2024-06-29 06:42:36'),
(13813, '2024-06-29 14:57:33'),
(13814, '2024-06-30 04:24:13'),
(13815, '2024-06-30 04:55:33'),
(13816, '2024-07-01 01:22:42'),
(13817, '2024-07-01 01:24:49'),
(13818, '2024-07-01 01:27:28'),
(13819, '2024-07-01 04:49:59'),
(13820, '2024-07-01 09:49:13'),
(13821, '2024-07-02 00:01:40'),
(13822, '2024-07-02 02:03:49'),
(13823, '2024-07-02 03:25:07'),
(13824, '2024-07-02 14:23:11'),
(13825, '2024-07-02 17:51:45'),
(13826, '2024-07-02 19:17:32'),
(13827, '2024-07-03 03:30:41'),
(13828, '2024-07-03 03:31:16'),
(13829, '2024-07-03 09:32:51'),
(13830, '2024-07-03 11:29:59'),
(13831, '2024-07-03 11:30:01'),
(13832, '2024-07-03 11:30:23'),
(13833, '2024-07-03 18:14:29'),
(13834, '2024-07-04 00:55:32'),
(13835, '2024-07-04 01:12:28'),
(13836, '2024-07-04 10:41:33'),
(13837, '2024-07-04 10:55:06'),
(13838, '2024-07-04 11:19:49'),
(13839, '2024-07-04 11:36:43'),
(13840, '2024-07-04 14:18:59'),
(13841, '2024-07-05 01:37:39'),
(13842, '2024-07-05 03:09:11'),
(13843, '2024-07-05 03:30:16'),
(13844, '2024-07-05 03:31:37'),
(13845, '2024-07-05 03:31:42'),
(13846, '2024-07-05 03:35:55'),
(13847, '2024-07-05 06:49:49'),
(13848, '2024-07-05 07:28:20'),
(13849, '2024-07-05 07:28:22'),
(13850, '2024-07-05 07:28:24'),
(13851, '2024-07-05 07:28:25'),
(13852, '2024-07-05 07:28:25'),
(13853, '2024-07-05 07:29:23'),
(13854, '2024-07-05 10:23:04'),
(13855, '2024-07-05 10:23:04'),
(13856, '2024-07-05 11:05:33'),
(13857, '2024-07-05 11:14:42'),
(13858, '2024-07-05 13:43:27'),
(13859, '2024-07-05 14:23:53'),
(13860, '2024-07-05 14:24:03'),
(13861, '2024-07-05 14:24:07'),
(13862, '2024-07-05 14:24:08'),
(13863, '2024-07-05 14:36:43'),
(13864, '2024-07-05 14:36:45'),
(13865, '2024-07-05 14:36:50'),
(13866, '2024-07-06 02:34:37'),
(13867, '2024-07-06 02:35:12'),
(13868, '2024-07-06 02:35:23'),
(13869, '2024-07-06 02:46:33'),
(13870, '2024-07-06 05:19:52'),
(13871, '2024-07-06 06:30:38'),
(13872, '2024-07-06 14:09:51'),
(13873, '2024-07-06 14:10:04'),
(13874, '2024-07-07 03:46:19'),
(13875, '2024-07-07 03:47:45'),
(13876, '2024-07-07 03:47:48'),
(13877, '2024-07-07 03:47:52'),
(13878, '2024-07-07 03:47:55'),
(13879, '2024-07-07 03:48:03'),
(13880, '2024-07-07 03:48:12'),
(13881, '2024-07-07 03:48:24'),
(13882, '2024-07-07 15:17:28'),
(13883, '2024-07-07 17:02:56'),
(13884, '2024-07-07 18:14:10'),
(13885, '2024-07-07 18:25:49'),
(13886, '2024-07-08 01:56:08'),
(13887, '2024-07-08 04:17:16'),
(13888, '2024-07-08 06:53:11'),
(13889, '2024-07-08 07:00:14'),
(13890, '2024-07-08 07:00:14'),
(13891, '2024-07-08 07:00:15'),
(13892, '2024-07-08 07:00:15'),
(13893, '2024-07-08 07:00:15'),
(13894, '2024-07-08 07:00:15'),
(13895, '2024-07-08 07:00:15'),
(13896, '2024-07-08 07:00:15'),
(13897, '2024-07-08 07:00:15'),
(13898, '2024-07-08 07:00:15'),
(13899, '2024-07-08 07:00:15'),
(13900, '2024-07-08 07:00:15'),
(13901, '2024-07-08 07:00:15'),
(13902, '2024-07-08 07:00:16'),
(13903, '2024-07-08 07:00:16'),
(13904, '2024-07-08 07:00:16'),
(13905, '2024-07-08 07:00:16'),
(13906, '2024-07-08 07:00:16'),
(13907, '2024-07-08 07:00:16'),
(13908, '2024-07-08 07:00:16'),
(13909, '2024-07-08 07:00:16'),
(13910, '2024-07-08 07:00:16'),
(13911, '2024-07-08 07:00:16'),
(13912, '2024-07-08 07:00:16'),
(13913, '2024-07-08 07:00:16'),
(13914, '2024-07-08 07:00:16'),
(13915, '2024-07-08 07:00:17'),
(13916, '2024-07-08 07:00:17'),
(13917, '2024-07-08 07:00:17'),
(13918, '2024-07-08 07:00:17'),
(13919, '2024-07-08 07:00:17'),
(13920, '2024-07-08 07:00:17'),
(13921, '2024-07-08 07:00:17'),
(13922, '2024-07-08 07:00:17'),
(13923, '2024-07-08 07:00:17'),
(13924, '2024-07-08 07:00:17'),
(13925, '2024-07-08 07:00:17'),
(13926, '2024-07-08 07:40:26'),
(13927, '2024-07-08 07:40:26'),
(13928, '2024-07-08 07:40:26'),
(13929, '2024-07-08 07:40:26'),
(13930, '2024-07-08 07:40:26'),
(13931, '2024-07-08 07:40:26'),
(13932, '2024-07-08 07:40:26'),
(13933, '2024-07-08 07:40:26'),
(13934, '2024-07-08 07:40:26'),
(13935, '2024-07-08 07:55:21'),
(13936, '2024-07-08 10:02:10'),
(13937, '2024-07-08 15:25:25'),
(13938, '2024-07-08 15:27:04'),
(13939, '2024-07-09 03:10:06'),
(13940, '2024-07-09 03:10:06'),
(13941, '2024-07-09 10:34:31'),
(13942, '2024-07-09 10:58:09'),
(13943, '2024-07-09 15:04:00'),
(13944, '2024-07-09 18:06:35'),
(13945, '2024-07-10 03:33:41'),
(13946, '2024-07-10 07:57:59'),
(13947, '2024-07-10 14:09:03'),
(13948, '2024-07-10 16:07:21'),
(13949, '2024-07-10 18:30:05'),
(13950, '2024-07-11 00:56:42'),
(13951, '2024-07-11 00:57:08'),
(13952, '2024-07-11 01:30:30'),
(13953, '2024-07-11 03:20:54'),
(13954, '2024-07-11 07:58:00'),
(13955, '2024-07-11 09:32:12'),
(13956, '2024-07-11 09:34:25'),
(13957, '2024-07-11 09:34:38'),
(13958, '2024-07-11 20:15:34'),
(13959, '2024-07-11 21:12:09'),
(13960, '2024-07-12 03:50:29'),
(13961, '2024-07-12 06:46:19'),
(13962, '2024-07-12 12:14:39'),
(13963, '2024-07-12 12:39:29'),
(13964, '2024-07-12 19:30:16'),
(13965, '2024-07-12 20:46:19'),
(13966, '2024-07-12 21:21:27'),
(13967, '2024-07-12 21:53:27'),
(13968, '2024-07-13 00:17:47'),
(13969, '2024-07-13 00:44:46'),
(13970, '2024-07-13 01:52:13'),
(13971, '2024-07-13 02:17:20'),
(13972, '2024-07-13 04:46:16'),
(13973, '2024-07-13 06:01:38'),
(13974, '2024-07-13 08:43:56'),
(13975, '2024-07-13 11:27:45'),
(13976, '2024-07-13 15:48:56'),
(13977, '2024-07-13 15:53:36'),
(13978, '2024-07-14 08:02:42'),
(13979, '2024-07-14 14:54:07'),
(13980, '2024-07-14 16:50:28'),
(13981, '2024-07-15 09:51:46'),
(13982, '2024-07-15 09:51:47'),
(13983, '2024-07-15 11:20:30'),
(13984, '2024-07-15 18:31:06'),
(13985, '2024-07-16 01:23:56'),
(13986, '2024-07-16 02:54:19'),
(13987, '2024-07-16 03:29:09'),
(13988, '2024-07-16 03:46:32'),
(13989, '2024-07-16 03:57:41'),
(13990, '2024-07-16 07:00:37'),
(13991, '2024-07-16 07:57:00'),
(13992, '2024-07-16 07:58:14'),
(13993, '2024-07-16 09:52:06'),
(13994, '2024-07-16 09:52:29'),
(13995, '2024-07-16 09:56:19'),
(13996, '2024-07-16 10:01:47'),
(13997, '2024-07-16 15:15:11'),
(13998, '2024-07-16 15:36:26'),
(13999, '2024-07-16 15:36:57'),
(14000, '2024-07-16 15:39:29'),
(14001, '2024-07-17 00:56:42'),
(14002, '2024-07-17 02:47:09'),
(14003, '2024-07-17 14:37:00'),
(14004, '2024-07-17 22:26:00'),
(14005, '2024-07-18 08:37:55'),
(14006, '2024-07-18 08:42:03'),
(14007, '2024-07-18 10:03:53'),
(14008, '2024-07-18 10:22:10'),
(14009, '2024-07-18 17:23:18'),
(14010, '2024-07-18 17:23:35'),
(14011, '2024-07-19 07:25:21'),
(14012, '2024-07-19 09:37:59'),
(14013, '2024-07-19 09:38:39'),
(14014, '2024-07-19 18:31:50'),
(14015, '2024-07-19 20:28:17'),
(14016, '2024-07-20 05:22:39'),
(14017, '2024-07-20 17:39:24'),
(14018, '2024-07-21 13:32:27'),
(14019, '2024-07-21 13:59:09'),
(14020, '2024-07-21 14:00:07'),
(14021, '2024-07-21 14:04:01'),
(14022, '2024-07-22 04:00:28'),
(14023, '2024-07-22 05:54:01'),
(14024, '2024-07-22 06:28:21'),
(14025, '2024-07-22 08:44:04'),
(14026, '2024-07-22 08:46:09'),
(14027, '2024-07-22 09:12:45'),
(14028, '2024-07-22 13:25:15'),
(14029, '2024-07-22 16:24:50'),
(14030, '2024-07-22 17:35:00'),
(14031, '2024-07-23 05:22:26'),
(14032, '2024-07-23 05:22:52'),
(14033, '2024-07-23 05:23:02'),
(14034, '2024-07-23 07:42:48'),
(14035, '2024-07-23 07:42:49'),
(14036, '2024-07-23 08:32:22'),
(14037, '2024-07-23 08:32:33'),
(14038, '2024-07-23 08:32:43'),
(14039, '2024-07-23 08:33:47'),
(14040, '2024-07-23 09:39:40'),
(14041, '2024-07-23 11:31:25'),
(14042, '2024-07-23 12:22:42'),
(14043, '2024-07-23 12:24:06'),
(14044, '2024-07-23 12:26:07'),
(14045, '2024-07-24 01:35:54'),
(14046, '2024-07-24 03:27:14'),
(14047, '2024-07-24 03:30:47'),
(14048, '2024-07-24 04:21:13'),
(14049, '2024-07-24 04:42:31'),
(14050, '2024-07-24 05:25:55'),
(14051, '2024-07-24 07:00:11'),
(14052, '2024-07-24 07:00:25'),
(14053, '2024-07-24 07:14:38'),
(14054, '2024-07-24 07:14:46'),
(14055, '2024-07-24 08:46:20'),
(14056, '2024-07-24 09:52:49'),
(14057, '2024-07-24 09:52:49'),
(14058, '2024-07-24 09:52:58'),
(14059, '2024-07-24 09:53:07'),
(14060, '2024-07-24 10:14:42'),
(14061, '2024-07-24 10:15:26'),
(14062, '2024-07-24 17:12:36'),
(14063, '2024-07-25 02:05:35'),
(14064, '2024-07-25 02:08:39'),
(14065, '2024-07-25 07:18:20'),
(14066, '2024-07-25 07:23:50'),
(14067, '2024-07-25 08:05:43'),
(14068, '2024-07-25 08:29:16'),
(14069, '2024-07-25 18:10:11'),
(14070, '2024-07-25 23:37:05'),
(14071, '2024-07-26 03:36:57'),
(14072, '2024-07-26 09:17:08'),
(14073, '2024-07-27 01:35:50'),
(14074, '2024-07-27 01:36:22'),
(14075, '2024-07-27 01:44:34'),
(14076, '2024-07-27 02:53:35'),
(14077, '2024-07-27 04:31:25'),
(14078, '2024-07-27 06:11:05'),
(14079, '2024-07-27 08:19:56'),
(14080, '2024-07-28 04:43:59'),
(14081, '2024-07-28 14:18:39'),
(14082, '2024-07-28 14:18:41'),
(14083, '2024-07-28 18:11:50'),
(14084, '2024-07-29 07:53:37'),
(14085, '2024-07-29 07:54:21'),
(14086, '2024-07-29 07:54:34'),
(14087, '2024-07-29 07:54:37'),
(14088, '2024-07-29 09:06:42'),
(14089, '2024-07-29 09:09:51'),
(14090, '2024-07-29 11:04:22'),
(14091, '2024-07-29 11:04:23'),
(14092, '2024-07-29 12:21:30'),
(14093, '2024-07-29 12:44:28'),
(14094, '2024-07-29 15:35:47'),
(14095, '2024-07-30 01:53:12'),
(14096, '2024-07-30 01:53:40'),
(14097, '2024-07-30 02:06:58'),
(14098, '2024-07-30 07:11:12'),
(14099, '2024-07-30 07:38:09'),
(14100, '2024-07-30 08:26:16'),
(14101, '2024-07-30 13:17:34'),
(14102, '2024-07-30 13:18:09'),
(14103, '2024-07-30 18:32:56'),
(14104, '2024-07-30 19:34:04'),
(14105, '2024-07-31 04:06:56'),
(14106, '2024-07-31 18:52:06'),
(14107, '2024-07-31 21:11:57'),
(14108, '2024-08-01 09:43:41'),
(14109, '2024-08-01 11:52:56'),
(14110, '2024-08-01 23:06:58'),
(14111, '2024-08-02 05:51:47'),
(14112, '2024-08-03 03:19:39'),
(14113, '2024-08-03 12:05:15'),
(14114, '2024-08-03 12:19:03'),
(14115, '2024-08-03 12:22:49'),
(14116, '2024-08-03 12:22:49'),
(14117, '2024-08-04 16:23:53'),
(14118, '2024-08-04 17:06:02'),
(14119, '2024-08-04 23:21:09'),
(14120, '2024-08-05 03:53:53'),
(14121, '2024-08-05 08:00:01'),
(14122, '2024-08-05 14:29:32'),
(14123, '2024-08-05 14:50:23'),
(14124, '2024-08-05 14:58:27'),
(14125, '2024-08-05 17:48:54'),
(14126, '2024-08-05 17:49:49'),
(14127, '2024-08-05 17:49:51'),
(14128, '2024-08-06 09:52:31'),
(14129, '2024-08-06 14:10:53'),
(14130, '2024-08-06 14:12:24'),
(14131, '2024-08-06 14:13:44'),
(14132, '2024-08-07 01:19:18'),
(14133, '2024-08-07 01:35:31'),
(14134, '2024-08-07 01:36:09'),
(14135, '2024-08-07 01:37:28'),
(14136, '2024-08-07 01:42:33'),
(14137, '2024-08-07 05:41:48'),
(14138, '2024-08-07 08:00:48'),
(14139, '2024-08-07 08:01:36'),
(14140, '2024-08-07 08:22:47'),
(14141, '2024-08-07 21:43:03'),
(14142, '2024-08-08 16:26:58'),
(14143, '2024-08-08 17:56:41'),
(14144, '2024-08-08 23:35:47'),
(14145, '2024-08-08 23:35:48'),
(14146, '2024-08-08 23:35:48'),
(14147, '2024-08-08 23:35:50'),
(14148, '2024-08-08 23:38:19'),
(14149, '2024-08-09 06:35:28'),
(14150, '2024-08-09 07:53:36'),
(14151, '2024-08-10 05:08:47'),
(14152, '2024-08-10 05:15:50'),
(14153, '2024-08-10 05:16:14'),
(14154, '2024-08-10 05:16:48'),
(14155, '2024-08-10 05:16:56'),
(14156, '2024-08-10 05:30:25'),
(14157, '2024-08-10 05:31:33'),
(14158, '2024-08-10 05:33:37'),
(14159, '2024-08-10 05:36:33'),
(14160, '2024-08-10 06:43:56'),
(14161, '2024-08-10 08:57:09'),
(14162, '2024-08-10 20:54:25'),
(14163, '2024-08-11 05:17:21'),
(14164, '2024-08-11 05:18:19'),
(14165, '2024-08-11 13:22:13'),
(14166, '2024-08-11 21:33:54'),
(14167, '2024-08-12 17:18:40'),
(14168, '2024-08-14 06:46:59'),
(14169, '2024-08-14 07:18:56'),
(14170, '2024-08-14 12:14:45'),
(14171, '2024-08-14 14:45:36'),
(14172, '2024-08-14 16:55:36'),
(14173, '2024-08-14 16:56:26'),
(14174, '2024-08-15 09:01:27'),
(14175, '2024-08-15 10:35:30'),
(14176, '2024-08-15 10:45:12'),
(14177, '2024-08-15 11:28:45'),
(14178, '2024-08-15 14:08:07'),
(14179, '2024-08-16 16:01:20'),
(14180, '2024-08-16 16:11:38'),
(14181, '2024-08-16 16:12:44'),
(14182, '2024-08-16 16:13:03'),
(14183, '2024-08-17 10:56:21'),
(14184, '2024-08-17 10:56:39'),
(14185, '2024-08-17 17:36:24'),
(14186, '2024-08-17 18:32:27'),
(14187, '2024-08-18 07:41:42'),
(14188, '2024-08-18 08:06:56'),
(14189, '2024-08-18 08:32:05'),
(14190, '2024-08-18 16:12:30'),
(14191, '2024-08-18 19:03:01'),
(14192, '2024-08-18 20:13:23'),
(14193, '2024-08-19 02:01:33'),
(14194, '2024-08-19 12:04:54'),
(14195, '2024-08-19 15:06:58'),
(14196, '2024-08-19 15:41:13'),
(14197, '2024-08-19 22:52:23'),
(14198, '2024-08-20 02:25:46'),
(14199, '2024-08-20 03:49:16'),
(14200, '2024-08-20 03:50:00'),
(14201, '2024-08-20 05:36:35'),
(14202, '2024-08-20 07:40:51'),
(14203, '2024-08-20 07:42:03'),
(14204, '2024-08-20 10:30:37'),
(14205, '2024-08-20 10:56:44'),
(14206, '2024-08-20 16:21:24'),
(14207, '2024-08-20 16:22:04'),
(14208, '2024-08-20 16:23:10'),
(14209, '2024-08-20 16:23:23'),
(14210, '2024-08-20 16:23:24'),
(14211, '2024-08-20 16:23:26'),
(14212, '2024-08-20 16:25:41'),
(14213, '2024-08-20 16:26:21'),
(14214, '2024-08-20 16:26:26'),
(14215, '2024-08-20 16:28:49'),
(14216, '2024-08-20 16:29:10'),
(14217, '2024-08-20 16:29:38'),
(14218, '2024-08-20 16:47:11'),
(14219, '2024-08-20 16:47:25'),
(14220, '2024-08-20 17:28:27'),
(14221, '2024-08-20 20:41:36'),
(14222, '2024-08-21 02:46:26'),
(14223, '2024-08-21 02:49:38'),
(14224, '2024-08-21 12:56:22'),
(14225, '2024-08-21 12:58:42'),
(14226, '2024-08-21 12:58:55'),
(14227, '2024-08-21 21:19:07'),
(14228, '2024-08-22 02:25:13'),
(14229, '2024-08-22 04:49:15'),
(14230, '2024-08-22 04:53:00'),
(14231, '2024-08-22 04:53:30'),
(14232, '2024-08-22 05:06:13'),
(14233, '2024-08-22 05:16:42'),
(14234, '2024-08-22 05:22:48'),
(14235, '2024-08-22 05:23:07'),
(14236, '2024-08-22 05:24:55'),
(14237, '2024-08-22 05:25:18'),
(14238, '2024-08-22 05:30:41'),
(14239, '2024-08-22 05:42:08'),
(14240, '2024-08-22 05:48:29'),
(14241, '2024-08-22 05:53:15'),
(14242, '2024-08-22 05:54:02'),
(14243, '2024-08-22 05:54:56'),
(14244, '2024-08-22 05:55:05'),
(14245, '2024-08-22 08:31:07'),
(14246, '2024-08-22 08:35:26'),
(14247, '2024-08-22 08:37:23'),
(14248, '2024-08-22 08:55:15'),
(14249, '2024-08-22 08:58:57'),
(14250, '2024-08-22 09:19:44'),
(14251, '2024-08-22 09:21:34'),
(14252, '2024-08-22 09:23:21'),
(14253, '2024-08-22 10:50:30'),
(14254, '2024-08-22 11:06:29'),
(14255, '2024-08-22 21:48:48'),
(14256, '2024-08-23 07:27:40'),
(14257, '2024-08-23 08:54:10'),
(14258, '2024-08-23 11:59:53'),
(14259, '2024-08-23 21:04:35'),
(14260, '2024-08-24 05:12:32');
INSERT INTO `tbl_counter` (`c_id`, `c_date`) VALUES
(14261, '2024-08-24 12:10:47'),
(14262, '2024-08-24 14:21:04'),
(14263, '2024-08-24 16:01:02'),
(14264, '2024-08-24 18:54:48'),
(14265, '2024-08-25 03:43:10'),
(14266, '2024-08-25 05:48:54'),
(14267, '2024-08-25 15:03:06'),
(14268, '2024-08-25 16:45:20'),
(14269, '2024-08-25 23:04:25'),
(14270, '2024-08-26 04:20:57'),
(14271, '2024-08-26 04:32:47'),
(14272, '2024-08-26 04:33:02'),
(14273, '2024-08-26 04:33:05'),
(14274, '2024-08-26 04:54:29'),
(14275, '2024-08-26 06:33:58'),
(14276, '2024-08-26 07:10:21'),
(14277, '2024-08-26 07:16:14'),
(14278, '2024-08-26 14:06:41'),
(14279, '2024-08-26 14:07:53'),
(14280, '2024-08-26 20:06:10'),
(14281, '2024-08-27 06:04:28'),
(14282, '2024-08-27 09:21:04'),
(14283, '2024-08-27 09:21:35'),
(14284, '2024-08-27 09:21:46'),
(14285, '2024-08-27 09:23:47'),
(14286, '2024-08-28 02:11:09'),
(14287, '2024-08-28 02:36:55'),
(14288, '2024-08-28 03:08:14'),
(14289, '2024-08-28 03:19:45'),
(14290, '2024-08-28 03:39:51'),
(14291, '2024-08-28 03:42:08'),
(14292, '2024-08-28 03:49:00'),
(14293, '2024-08-28 06:15:42'),
(14294, '2024-08-28 06:15:44'),
(14295, '2024-08-28 06:23:50'),
(14296, '2024-08-28 07:38:16'),
(14297, '2024-08-28 07:48:52'),
(14298, '2024-08-28 13:50:44'),
(14299, '2024-08-28 17:50:01'),
(14300, '2024-08-28 17:59:30'),
(14301, '2024-08-28 17:59:44'),
(14302, '2024-08-28 18:00:14'),
(14303, '2024-08-28 19:08:42'),
(14304, '2024-08-29 02:36:26'),
(14305, '2024-08-29 02:51:20'),
(14306, '2024-08-29 08:57:35'),
(14307, '2024-08-29 10:41:02');

-- --------------------------------------------------------

--
-- Table structure for table `tbl_department`
--

CREATE TABLE `tbl_department` (
  `department_id` int(11) NOT NULL,
  `department_name` varchar(100) NOT NULL COMMENT 'แผนก ประกอบด้วย บัญชี,การตลาด,การจัดการทั่วไป,การเงิน,IT'
) ENGINE=InnoDB DEFAULT CHARSET=utf8mb4 COLLATE=utf8mb4_general_ci;

--
-- Dumping data for table `tbl_department`
--

INSERT INTO `tbl_department` (`department_id`, `department_name`) VALUES
(2, 'บัญชี'),
(5, 'ดูแลลูกค้าหลังการขาย'),
(7, 'การตลาด');

-- --------------------------------------------------------

--
-- Table structure for table `tbl_equipment`
--

CREATE TABLE `tbl_equipment` (
  `equipment_id` int(11) NOT NULL,
  `equipment_name` varchar(150) NOT NULL
) ENGINE=InnoDB DEFAULT CHARSET=utf8mb4 COLLATE=utf8mb4_general_ci;

--
-- Dumping data for table `tbl_equipment`
--

INSERT INTO `tbl_equipment` (`equipment_id`, `equipment_name`) VALUES
(1, 'คอมพิวเตอร์'),
(2, 'เก้าอี้'),
(3, 'หลอดไฟ'),
(4, 'โปรเจกเตอร์');

-- --------------------------------------------------------

--
-- Table structure for table `tbl_head_mechanic`
--

CREATE TABLE `tbl_head_mechanic` (
  `head_mechanic_id` int(11) NOT NULL,
  `head_mechanic_title_name` varchar(30) NOT NULL,
  `head_mechanic_firstname` varchar(100) NOT NULL,
  `head_mechanic_lastname` varchar(100) NOT NULL,
  `head_mechanic_tel` varchar(20) NOT NULL,
  `head_mechanic_email` varchar(100) NOT NULL
) ENGINE=InnoDB DEFAULT CHARSET=utf8mb4 COLLATE=utf8mb4_general_ci;

--
-- Dumping data for table `tbl_head_mechanic`
--

INSERT INTO `tbl_head_mechanic` (`head_mechanic_id`, `head_mechanic_title_name`, `head_mechanic_firstname`, `head_mechanic_lastname`, `head_mechanic_tel`, `head_mechanic_email`) VALUES
(13, 'นาย', 'hmec01s', 'hmec01', '0865215482', 'hmec01@test.com'),
(14, 'นาย', 'hmec02', 'hmec02', '0865215483', 'hmec02@test.com');

-- --------------------------------------------------------

--
-- Table structure for table `tbl_level`
--

CREATE TABLE `tbl_level` (
  `level_id` int(11) NOT NULL,
  `level_name` varchar(50) NOT NULL
) ENGINE=InnoDB DEFAULT CHARSET=utf8mb4 COLLATE=utf8mb4_general_ci;

--
-- Dumping data for table `tbl_level`
--

INSERT INTO `tbl_level` (`level_id`, `level_name`) VALUES
(1, 'Admin'),
(2, 'Head Mechanic'),
(3, 'Mechanic'),
(4, 'Employee');

-- --------------------------------------------------------

--
-- Table structure for table `tbl_mechanic`
--

CREATE TABLE `tbl_mechanic` (
  `mec_id` int(11) NOT NULL,
  `mec_title_name` varchar(30) NOT NULL,
  `mec_firstname` varchar(100) NOT NULL,
  `mec_lastname` varchar(100) NOT NULL,
  `mec_tel` varchar(20) NOT NULL,
  `mec_email` varchar(100) NOT NULL,
  `mec_doing` int(11) NOT NULL,
  `mec_close` int(11) NOT NULL
) ENGINE=InnoDB DEFAULT CHARSET=utf8mb4 COLLATE=utf8mb4_general_ci;

--
-- Dumping data for table `tbl_mechanic`
--

INSERT INTO `tbl_mechanic` (`mec_id`, `mec_title_name`, `mec_firstname`, `mec_lastname`, `mec_tel`, `mec_email`, `mec_doing`, `mec_close`) VALUES
(15, 'นาย', 'mec01', 'mec01', '0865215483', 'mec01@test.com', 0, 0),
(16, 'นาง', 'mec02', 'mec02', '0865215482', 'mec02@test.com', 0, 0),
(17, 'นาย', 'mec03', 'mec03', '0865215482', 'mec03@test.com', 0, 0);

-- --------------------------------------------------------

--
-- Table structure for table `tbl_member`
--

CREATE TABLE `tbl_member` (
  `m_id` int(11) NOT NULL,
  `member_id` varchar(50) NOT NULL COMMENT 'รหัสพนักงาน',
  `ref_level_id` int(11) NOT NULL COMMENT 'admin, head-mechanic, mechanic, employee',
  `username` varchar(100) NOT NULL,
  `password` varchar(100) NOT NULL,
  `title_name` varchar(30) NOT NULL COMMENT 'นาย, นาง, นางสาว',
  `firstname` varchar(100) NOT NULL,
  `lastname` varchar(100) NOT NULL,
  `ref_department_id` int(11) NOT NULL COMMENT 'แผนก ประกอบด้วย บัญชี,การตลาด,การจัดการทั่วไป,การเงิน,IT',
  `ref_position_id` int(11) NOT NULL COMMENT 'ตำแหน่ง เช่น ผู้จัดการ, พนักงานบัญชี, พนักงานการตลาด, ช่างคอมพิวเตอร์, ช่างไฟฟ้า, พนักงานประชาสัมพันธ์ ',
  `m_tel` varchar(20) NOT NULL COMMENT 'เบอร์โทร',
  `m_email` varchar(100) NOT NULL,
  `dateCreate` timestamp NOT NULL DEFAULT current_timestamp()
) ENGINE=InnoDB DEFAULT CHARSET=utf8mb4 COLLATE=utf8mb4_general_ci;

--
-- Dumping data for table `tbl_member`
--

INSERT INTO `tbl_member` (`m_id`, `member_id`, `ref_level_id`, `username`, `password`, `title_name`, `firstname`, `lastname`, `ref_department_id`, `ref_position_id`, `m_tel`, `m_email`, `dateCreate`) VALUES
(1, 'AD0001', 1, 'admin01', 'cb0ef4c7be04ff1bf4cfcd104ef8df03251266ab', 'นาย', 'admin01111', 'admin01', 2, 2, '0865215482', 'admin01@test.com', '2024-12-13 06:28:49'),
(2, 'EMP0001', 4, 'emp01', '2f6c3a6a8aa8e37312bc51a4d6ec88b776fa64e4', 'นางสาว', 'emp01', 'emp01', 7, 1, '0812574891', 'emp01@gmail.com', '2024-12-13 06:32:59'),
(3, 'EMP0002', 4, 'emp02', '793e55df49c1da043cd0d9ddc60be60b5f8ba68f', 'นางสาว', 'emp02', 'emp02', 5, 3, '0865215482', 'emp02@gmail.com', '2024-12-13 06:33:24'),
(13, 'HMEC0001', 2, 'hmec01', '9a54969879eab7aaf596c250041290626d9eb155', 'นาย', 'hmec01s', 'hmec01', 0, 0, '0865215482', 'hmec01@test.com', '2024-12-14 10:31:36'),
(14, 'HMEC0002', 2, 'hmec02', '1e5fef21b67706d4ff70c4dda97ffd69de4d973d', 'นาย', 'hmec02', 'hmec02', 7, 3, '0865215483', 'hmec02@test.com', '2024-12-14 10:32:07'),
(15, 'MEC0001', 3, 'mec01', 'f24f39934c8a3ed0b4cd48600824c769f7a7e9fb', 'นาย', 'mec01', 'mec01', 5, 2, '0865215483', 'mec01@test.com', '2024-12-14 10:32:56'),
(16, 'MEC0002', 3, 'mec02', '7cd68a284039226ef40d4134755f6a55ae1f7257', 'นาง', 'mec02', 'mec02', 5, 2, '0865215482', 'mec02@test.com', '2024-12-14 10:33:18'),
(17, 'MEC0003', 3, 'mec03', 'cc5af8e7e5b442568fa48c20d8c404c9fcb90445', 'นาย', 'mec03', 'mec03', 2, 3, '0865215482', 'mec03@test.com', '2024-12-15 06:30:39');

--
-- Triggers `tbl_member`
--
DELIMITER $$
CREATE TRIGGER `after_delete_head_mechanic` AFTER DELETE ON `tbl_member` FOR EACH ROW BEGIN
    -- ตรวจสอบว่า ref_level_id เดิมของข้อมูลที่ถูกลบคือ 2 (หัวหน้าช่าง)
    IF OLD.ref_level_id = 2 THEN
        -- ลบข้อมูลที่ตรงกันใน tbl_head_mechanic โดยใช้ head_mechanic_id
        DELETE FROM tbl_head_mechanic WHERE head_mechanic_id = OLD.m_id;
    END IF;
END
$$
DELIMITER ;
DELIMITER $$
CREATE TRIGGER `after_delete_machanic` AFTER DELETE ON `tbl_member` FOR EACH ROW BEGIN
    -- ตรวจสอบว่า ref_level_id เดิมของข้อมูลที่ถูกลบคือ 3 (ช่าง)
    IF OLD.ref_level_id = 3 THEN
        -- ลบข้อมูลใน tbl_mechanic ที่มี mec_id ตรงกับ m_id ของ tbl_member ที่ถูกลบ
        DELETE FROM tbl_mechanic WHERE mec_id = OLD.m_id;
    END IF;
END
$$
DELIMITER ;
DELIMITER $$
CREATE TRIGGER `after_delete_mechanic` AFTER DELETE ON `tbl_member` FOR EACH ROW BEGIN
    -- ตรวจสอบว่า ref_level_id เดิมของข้อมูลที่ถูกลบคือ 3 (ช่าง)
    IF OLD.ref_level_id = 3 THEN
        -- ลบข้อมูลใน tbl_mechanic ที่มี mec_id ตรงกับ m_id ของ tbl_member ที่ถูกลบ
        DELETE FROM tbl_mechanic WHERE mec_id = OLD.m_id;
    END IF;
END
$$
DELIMITER ;
DELIMITER $$
CREATE TRIGGER `after_insert_head_mechanic` AFTER INSERT ON `tbl_member` FOR EACH ROW BEGIN
    -- ตรวจสอบว่าระดับสิทธิ์ (ref_level_id) คือ 2 (หัวหน้าช่าง)
    IF NEW.ref_level_id = 2 THEN
        -- แทรกข้อมูลลงใน tbl_head_mechanic โดยใช้ข้อมูลจาก tbl_member
        INSERT INTO tbl_head_mechanic (head_mechanic_id, head_mechanic_title_name, head_mechanic_firstname, head_mechanic_lastname, head_mechanic_tel, head_mechanic_email)
        VALUES (NEW.m_id, NEW.title_name, NEW.firstname, NEW.lastname, NEW.m_tel, NEW.m_email);
    END IF;
END
$$
DELIMITER ;
DELIMITER $$
CREATE TRIGGER `after_insert_mechanic` AFTER INSERT ON `tbl_member` FOR EACH ROW BEGIN
    -- ตรวจสอบว่า ref_level_id คือ 3 (ช่าง)
    IF NEW.ref_level_id = 3 THEN
        -- แทรกข้อมูลลงใน tbl_mechanic
        INSERT INTO tbl_mechanic (mec_id, mec_title_name, mec_firstname, mec_lastname, mec_tel, mec_email, mec_doing, mec_close)
        VALUES (NEW.m_id, NEW.title_name, NEW.firstname, NEW.lastname, NEW.m_tel, NEW.m_email, 0, 0);
    END IF;
END
$$
DELIMITER ;
DELIMITER $$
CREATE TRIGGER `after_update_head_mechanic` AFTER UPDATE ON `tbl_member` FOR EACH ROW BEGIN
    -- ตรวจสอบว่า ref_level_id เดิมคือ 2 และใหม่ไม่ใช่ 2
    IF OLD.ref_level_id = 2 AND NEW.ref_level_id != 2 THEN
        -- ลบข้อมูลใน tbl_head_mechanic ที่เกี่ยวข้อง
        DELETE FROM tbl_head_mechanic WHERE head_mechanic_id = OLD.m_id;
    END IF;

    -- หาก ref_level_id ใหม่คือ 2, แทรกข้อมูลใหม่ใน tbl_head_mechanic
    IF NEW.ref_level_id = 2 THEN
        INSERT INTO tbl_head_mechanic (head_mechanic_id, head_mechanic_title_name, head_mechanic_firstname, head_mechanic_lastname, head_mechanic_tel, head_mechanic_email)
        VALUES (NEW.m_id, NEW.title_name, NEW.firstname, NEW.lastname, NEW.m_tel, NEW.m_email);
    END IF;
END
$$
DELIMITER ;
DELIMITER $$
CREATE TRIGGER `after_update_mechanic` AFTER UPDATE ON `tbl_member` FOR EACH ROW BEGIN
    -- ตรวจสอบว่า ref_level_id เดิมคือ 3 และใหม่ไม่ใช่ 3
    IF OLD.ref_level_id = 3 AND NEW.ref_level_id != 3 THEN
        -- ลบข้อมูลใน tbl_mechanic ที่มี mec_id ตรงกับ m_id ของ tbl_member ที่ถูกอัปเดต
        DELETE FROM tbl_mechanic WHERE mec_id = OLD.m_id;
    END IF;

    -- หาก ref_level_id ใหม่คือ 3, แทรกข้อมูลใหม่ใน tbl_mechanic
    IF NEW.ref_level_id = 3 THEN
        INSERT INTO tbl_mechanic (mec_id, mec_title_name, mec_firstname, mec_lastname, mec_tel, mec_email, mec_doing, mec_close)
        VALUES (NEW.m_id, NEW.title_name, NEW.firstname, NEW.lastname, NEW.m_tel, NEW.m_email, 0, 0);
    END IF;
END
$$
DELIMITER ;

-- --------------------------------------------------------

--
-- Table structure for table `tbl_position`
--

CREATE TABLE `tbl_position` (
  `position_id` int(11) NOT NULL,
  `position_name` varchar(100) NOT NULL COMMENT '	ตำแหน่ง เช่น ผู้จัดการ, พนักงานบัญชี, พนักงานการตลาด, ช่างคอมพิวเตอร์, ช่างไฟฟ้า, พนักงานประชาสัมพันธ์'
) ENGINE=InnoDB DEFAULT CHARSET=utf8mb4 COLLATE=utf8mb4_general_ci;

--
-- Dumping data for table `tbl_position`
--

INSERT INTO `tbl_position` (`position_id`, `position_name`) VALUES
(1, 'พนักงานบัญชี'),
(2, 'ช่างซ่อมคอมพิวเตอร์'),
(3, 'ช่างซ่อมไฟฟ้า');

-- --------------------------------------------------------

--
-- Table structure for table `tbl_product`
--

CREATE TABLE `tbl_product` (
  `id` int(11) NOT NULL,
  `ref_type_id` int(11) NOT NULL COMMENT 'tbl_type type_id',
  `product_name` varchar(200) NOT NULL,
  `product_detail` text NOT NULL,
  `product_qty` int(3) NOT NULL,
  `product_price` int(6) NOT NULL,
  `product_image` varchar(100) NOT NULL,
  `dateCreate` timestamp NOT NULL DEFAULT current_timestamp()
) ENGINE=InnoDB DEFAULT CHARSET=utf8mb4 COLLATE=utf8mb4_general_ci;

--
-- Dumping data for table `tbl_product`
--

INSERT INTO `tbl_product` (`id`, `ref_type_id`, `product_name`, `product_detail`, `product_qty`, `product_price`, `product_image`, `dateCreate`) VALUES
(7, 2, 'ดเกด', '<p>cvbzdf</p>', 123, 23123, '141944145820241104_113121.png', '2024-11-04 09:43:20'),
(8, 2, 'เก้าอี้aa', '<ol><li>เก้าอี้</li><li>เก้าอี้เก้าอี้</li><li>เก้าอี้เก้าอี้เก้าอี้</li><li>เก้าอี้เก้าอี้เก้าอี้เก้าอี้</li></ol>', 5, 8000, '208204183320241105_104956.png', '2024-11-05 09:49:28');

-- --------------------------------------------------------

--
-- Table structure for table `tbl_product_image`
--

CREATE TABLE `tbl_product_image` (
  `no` int(11) NOT NULL,
  `ref_p_id` int(11) NOT NULL,
  `product_image` varchar(100) NOT NULL
) ENGINE=InnoDB DEFAULT CHARSET=utf8mb4 COLLATE=utf8mb4_general_ci;

-- --------------------------------------------------------

--
-- Table structure for table `tbl_status`
--

CREATE TABLE `tbl_status` (
  `status_id` int(11) NOT NULL,
  `status_name` varchar(100) NOT NULL COMMENT '	ตำแหน่ง เช่น ผู้จัดการ, พนักงานบัญชี, พนักงานการตลาด, ช่างคอมพิวเตอร์, ช่างไฟฟ้า, พนักงานประชาสัมพันธ์	'
) ENGINE=InnoDB DEFAULT CHARSET=utf8mb4 COLLATE=utf8mb4_general_ci;

--
-- Dumping data for table `tbl_status`
--

INSERT INTO `tbl_status` (`status_id`, `status_name`) VALUES
(1, 'รอดำเนินการ'),
(2, 'กำลังซ่อม'),
(3, 'รอประเมินผล'),
(5, 'ปิดงาน');

-- --------------------------------------------------------

--
-- Table structure for table `tbl_type`
--

CREATE TABLE `tbl_type` (
  `type_id` int(11) NOT NULL,
  `type_name` varchar(150) NOT NULL
) ENGINE=InnoDB DEFAULT CHARSET=utf8mb4 COLLATE=utf8mb4_general_ci;

--
-- Dumping data for table `tbl_type`
--

INSERT INTO `tbl_type` (`type_id`, `type_name`) VALUES
(0, 'สายไฟ'),
(0, 'คอมพิวเตอร์'),
(0, 'สายไฟ'),
(0, 'คอมพิวเตอร์');

--
-- Indexes for dumped tables
--

--
-- Indexes for table `tbl_assessment`
--
ALTER TABLE `tbl_assessment`
  ADD PRIMARY KEY (`assessment_id`);

--
-- Indexes for table `tbl_case`
--
ALTER TABLE `tbl_case`
  ADD PRIMARY KEY (`case_id`);

--
-- Indexes for table `tbl_counter`
--
ALTER TABLE `tbl_counter`
  ADD PRIMARY KEY (`c_id`);

--
-- Indexes for table `tbl_department`
--
ALTER TABLE `tbl_department`
  ADD PRIMARY KEY (`department_id`);

--
-- Indexes for table `tbl_equipment`
--
ALTER TABLE `tbl_equipment`
  ADD PRIMARY KEY (`equipment_id`);

--
-- Indexes for table `tbl_head_mechanic`
--
ALTER TABLE `tbl_head_mechanic`
  ADD PRIMARY KEY (`head_mechanic_id`);

--
-- Indexes for table `tbl_level`
--
ALTER TABLE `tbl_level`
  ADD PRIMARY KEY (`level_id`);

--
-- Indexes for table `tbl_mechanic`
--
ALTER TABLE `tbl_mechanic`
  ADD PRIMARY KEY (`mec_id`);

--
-- Indexes for table `tbl_member`
--
ALTER TABLE `tbl_member`
  ADD PRIMARY KEY (`m_id`),
  ADD UNIQUE KEY `member_id` (`member_id`,`username`);

--
-- Indexes for table `tbl_position`
--
ALTER TABLE `tbl_position`
  ADD PRIMARY KEY (`position_id`);

--
-- Indexes for table `tbl_product`
--
ALTER TABLE `tbl_product`
  ADD PRIMARY KEY (`id`);

--
-- Indexes for table `tbl_product_image`
--
ALTER TABLE `tbl_product_image`
  ADD PRIMARY KEY (`no`);

--
-- Indexes for table `tbl_status`
--
ALTER TABLE `tbl_status`
  ADD PRIMARY KEY (`status_id`);

--
-- AUTO_INCREMENT for dumped tables
--

--
-- AUTO_INCREMENT for table `tbl_assessment`
--
ALTER TABLE `tbl_assessment`
  MODIFY `assessment_id` int(11) NOT NULL AUTO_INCREMENT, AUTO_INCREMENT=11;

--
-- AUTO_INCREMENT for table `tbl_case`
--
ALTER TABLE `tbl_case`
  MODIFY `case_id` int(11) NOT NULL AUTO_INCREMENT, AUTO_INCREMENT=12;

--
-- AUTO_INCREMENT for table `tbl_counter`
--
ALTER TABLE `tbl_counter`
  MODIFY `c_id` int(10) NOT NULL AUTO_INCREMENT, AUTO_INCREMENT=14308;

--
-- AUTO_INCREMENT for table `tbl_department`
--
ALTER TABLE `tbl_department`
  MODIFY `department_id` int(11) NOT NULL AUTO_INCREMENT, AUTO_INCREMENT=8;

--
-- AUTO_INCREMENT for table `tbl_equipment`
--
ALTER TABLE `tbl_equipment`
  MODIFY `equipment_id` int(11) NOT NULL AUTO_INCREMENT, AUTO_INCREMENT=6;

--
-- AUTO_INCREMENT for table `tbl_head_mechanic`
--
ALTER TABLE `tbl_head_mechanic`
  MODIFY `head_mechanic_id` int(11) NOT NULL AUTO_INCREMENT, AUTO_INCREMENT=15;

--
-- AUTO_INCREMENT for table `tbl_level`
--
ALTER TABLE `tbl_level`
  MODIFY `level_id` int(11) NOT NULL AUTO_INCREMENT, AUTO_INCREMENT=5;

--
-- AUTO_INCREMENT for table `tbl_mechanic`
--
ALTER TABLE `tbl_mechanic`
  MODIFY `mec_id` int(11) NOT NULL AUTO_INCREMENT, AUTO_INCREMENT=18;

--
-- AUTO_INCREMENT for table `tbl_member`
--
ALTER TABLE `tbl_member`
  MODIFY `m_id` int(11) NOT NULL AUTO_INCREMENT, AUTO_INCREMENT=18;

--
-- AUTO_INCREMENT for table `tbl_position`
--
ALTER TABLE `tbl_position`
  MODIFY `position_id` int(11) NOT NULL AUTO_INCREMENT, AUTO_INCREMENT=5;

--
-- AUTO_INCREMENT for table `tbl_product`
--
ALTER TABLE `tbl_product`
  MODIFY `id` int(11) NOT NULL AUTO_INCREMENT, AUTO_INCREMENT=9;

--
-- AUTO_INCREMENT for table `tbl_product_image`
--
ALTER TABLE `tbl_product_image`
  MODIFY `no` int(11) NOT NULL AUTO_INCREMENT, AUTO_INCREMENT=8;
COMMIT;

/*!40101 SET CHARACTER_SET_CLIENT=@OLD_CHARACTER_SET_CLIENT */;
/*!40101 SET CHARACTER_SET_RESULTS=@OLD_CHARACTER_SET_RESULTS */;
/*!40101 SET COLLATION_CONNECTION=@OLD_COLLATION_CONNECTION */;
